Bitrate_bps,Average_CDF
0.0,0.005855779616117093
2501.250625312656,0.03311695413002806
5002.501250625312,0.03836633215724555
7503.751875937969,0.0481981992169752
10005.002501250625,0.05544235389360265
12506.25312656328,0.05700480621671619
15007.503751875938,0.0584395884517734
17508.754377188594,0.06596675659196843
20010.00500250125,0.0667426664716989
22511.255627813905,0.06751857635142935
25012.50625312656,0.06816159781397356
27513.756878439217,0.06857483996999782
30015.007503751876,0.06898808212602209
32516.258129064532,0.06940132428204634
35017.50875437719,0.06981456643807059
37518.75937968984,0.07022780859409485
40020.0100050025,0.0706410507501191
42521.260630315155,0.07100378059477211
45022.51125562781,0.07136351576017397
47523.76188094047,0.07172325092557581
50025.01250625312,0.0722544140494226
52526.26313156578,0.07281183109375076
55027.513756878434,0.07336924813807894
57528.76438219109,0.0739266651824071
60030.01500750375,0.07448408222673528
62531.26563281641,0.07504149927106346
65032.516258129064,0.07562940905712162
67533.76688344171,0.0762850468257697
70035.01750875438,0.07694068459441777
72536.26813406702,0.07763182290901663
75037.51875937969,0.07834350912101143
77538.76938469234,0.0789625243544859
80040.020010005,0.07953101948246083
82541.27063531766,0.08070857318738134
85042.52126063031,0.0819628956621979
87543.77188594297,0.08321721813701448
90045.02251125562,0.08631254864097337
92546.27313656828,0.08838211158760721
95047.52376188093,0.09148049642274816
97548.7743871936,0.09436282658481449
100050.02501250624,0.09559491721146486
102551.27563781891,0.0965241408800289
105052.52626313156,0.09744279112277307
107553.77688844422,0.09833046617115364
110055.02751375687,0.09921814121953419
112556.27813906953,0.10009788560353969
115057.52876438218,0.1004922249760653
117558.77938969484,0.1007896072873553
120060.0300150075,0.10108698959864527
122561.28064032015,0.10138437190993525
125062.53126563282,0.10168175422122525
127563.78189094547,0.10224519953645783
130065.03251625813,0.10308109941291045
132566.28314157078,0.10370759305269844
135067.53376688343,0.10402298586830122
137568.7843921961,0.104338378683904
140070.03501750875,0.10465377149950678
142571.2856428214,0.10496916431510954
145072.53626813405,0.10528455713071233
147573.78689344673,0.1055999499463151
150075.03751875937,0.10591534276191789
152576.28814407202,0.10623073557752064
155077.53876938467,0.10654612839312341
157578.78939469735,0.10686152120872619
160080.04002001,0.10729966263827022
162581.29064532265,0.10786407538950213
165082.54127063532,0.10842848814073405
167583.79189594797,0.10899290089196596
170085.04252126062,0.10955731364319787
172586.29314657327,0.11012172639442978
175087.54377188595,0.11063783369535628
177588.7943971986,0.11119951679573552
180090.04502251124,0.11169459729379867
182591.2956478239,0.11221840806514602
185092.54627313657,0.11290496857219451
187593.79689844922,0.113591529079243
190095.04752376187,0.11427808958629146
192596.29814907452,0.11511851237583104
195097.5487743872,0.11598692255772859
197598.79939969984,0.1168061659178721
200100.0500250125,0.11757400478473051
202601.30065032517,0.11814653546420824
205102.55127563782,0.11870635441388308
207603.80190095046,0.11926617336355794
210105.0525262631,0.11982599231323278
212606.3031515758,0.12038581126290764
215107.55377688844,0.12094563021258248
217608.8044022011,0.12212482078952874
220110.05502751374,0.12391554294541361
222611.3056528264,0.12787770637199455
225112.55627813906,0.12885140884839713
227613.8069034517,0.1298251113247998
230115.05752876436,0.1307988138012024
232616.30815407704,0.1315709832632183
235117.55877938968,0.13218478180053528
237618.80940470233,0.1328318497604088
240120.060030015,0.13347891772028236
242621.31065532766,0.13412598568015588
245122.5612806403,0.13477305364002945
247623.81190595296,0.13542012159990297
250125.06253126563,0.1360001748219728
252626.31315657828,0.136472102026294
255127.56378189093,0.13694402923061516
257628.81440720358,0.1374010168807156
260130.06503251626,0.1379884021102265
262631.3156578289,0.1390124409969934
265132.56628314155,0.14063801266056214
267633.81690845423,0.1419064312986152
270135.06753376685,0.14275435190581354
272636.3181590795,0.1432611604485642
275137.5687843922,0.14372414367986958
277638.8194097048,0.1441871269111749
280140.0700350175,0.1446501101424803
282641.3206603302,0.14511309337378564
285142.5712856428,0.14557607660509103
287643.8219109555,0.1460390598363964
290145.0725362681,0.14692751026366557
292646.3231615808,0.14795452114188729
295147.57378689345,0.148981532020109
297648.8244122061,0.14988667173759584
300150.07503751875,0.1507818940831953
302651.3256628314,0.15176564116399494
305152.57628814405,0.1530553036763821
307653.8269134567,0.15427962891291153
310155.07753876934,0.15647404749013188
312656.328164082,0.15716015585715662
315157.5787893947,0.15784626422418135
317658.8294147073,0.15854960677494095
320160.08004002,0.15929518408282012
322661.3306653327,0.1600485149609589
325162.5812906453,0.1607646454259804
327663.83191595797,0.16144211703797756
330165.08254127065,0.16211958864997472
332666.33316658327,0.16279706026197185
335167.58379189594,0.16448337032622004
337668.83441720856,0.16594054752763948
340170.08504252124,0.16690945263380214
342671.3356678339,0.16758337138723972
345172.58629314654,0.16825729014067736
347673.8369184592,0.16893120889411498
350175.0875437719,0.1696051276475526
352676.3381690845,0.17027904640099017
355177.5887943972,0.17102901636865697
357678.8394197098,0.17178110081203546
360180.0900450225,0.172533185255414
362681.34067033516,0.1734859963488911
365182.5912956478,0.17490400270073084
367683.84192096046,0.17626958894118352
370185.09254627314,0.1771669677664949
372686.34317158576,0.17806434659180623
375187.59379689844,0.17880932973891295
377688.8444222111,0.17945099060232114
380190.09504752373,0.180011415411921
382691.3456728364,0.18057184022152092
385192.59629814903,0.18113226503112084
387693.8469234617,0.18306411337081946
390195.0975487744,0.183634093362757
392696.348174087,0.18417802550806872
395197.5987993997,0.18472195765338045
397698.84942471236,0.18526588979869218
400200.100050025,0.18580982194400392
402701.35067533766,0.18635375408931565
405202.60130065033,0.1873592344479162
407703.85192596295,0.1884575459633547
410205.10255127563,0.19099328524699805
412706.35317658825,0.1929493650623483
415207.6038019009,0.19524134015235017
417708.8544272136,0.19671056539817852
420210.1050525262,0.19805560170001094
422711.3556778389,0.20132410999116226
425212.6063031516,0.2027136900527508
427713.8569284642,0.2038521315719299
430215.1075537769,0.20473963718433105
432716.3581790895,0.20561642568496383
435217.6088044022,0.20646449411125223
437718.85942971485,0.2074374828793147
440220.1100550275,0.20841047164737722
442721.36068034015,0.21071466265097158
445222.6113056528,0.21168572987584572
447723.86193096545,0.2139114171036009
450225.1125562781,0.2156581983319047
452726.3631815908,0.21733542379455917
455227.6138069034,0.21830938134084432
457728.8644322161,0.2194256852329011
460230.1150575287,0.22071571281780522
462731.3656828414,0.2226203263936741
465232.6163081541,0.22418384795601656
467733.8669334667,0.22534242983795055
470235.11755877937,0.22650101171988454
472736.36818409205,0.22866995069149992
475237.61880940467,0.23010837587743857
477738.86943471734,0.23140911435175932
480240.12006003,0.23223290096860857
482741.37068534264,0.23296840785508066
485242.6213106553,0.2336435381580635
487743.87193596794,0.2343186684610463
490245.1225612806,0.23552405548323802
492746.3731865933,0.2379610620980982
495247.6238119059,0.24268250363376878
497748.8744372186,0.24473700706084892
500250.12506253127,0.24734399298724946
502751.3756878439,0.24901049209226445
505252.62631315656,0.2516448185401522
507753.8769384692,0.2528776867633976
510255.12756378186,0.2536428983446173
512756.37818909454,0.2549294827228542
515257.62881440716,0.25612992039698945
517758.87943971984,0.2570342883705579
520260.1300650325,0.2593341526657353
522761.38069034513,0.2604159652774355
525262.6313156578,0.2614977778891357
527763.8819409704,0.2643865472671078
530265.1325662831,0.26644602971513803
532766.3831915958,0.2674175274525763
535267.6338169085,0.2683001740964754
537768.8844422211,0.269087031912575
540270.1350675337,0.26987388972867454
542771.3856928464,0.2707896023538599
545272.636318159,0.27198918774402997
547773.8869434717,0.2736487467992622
550275.1375687844,0.27664933975508926
552776.388194097,0.2796706154120168
555277.6388194097,0.2816891853983664
557778.8894447223,0.2847105338609758
560280.140070035,0.28692317024607006
562781.3906953477,0.28814879311572134
565282.6413206604,0.29098592747828206
567783.8919459729,0.2956932794139594
570285.1425712856,0.2989339273474546
572786.3931965983,0.3008863036862097
575287.643821911,0.30364748884011206
577788.8944472236,0.3074133085195823
580290.1450725362,0.31087214945802544
582791.3956978489,0.31424240580549134
585292.6463231615,0.3183233511395596
587793.8969484742,0.32309252173214
590295.1475737869,0.32672442792640277
592796.3981990995,0.3292006144264227
595297.6488244121,0.3313187061822491
597798.8994497248,0.33394229968994416
600300.1500750375,0.3386406343222039
602801.4007003502,0.3414163787877261
605302.6513256629,0.3467122243977411
607803.9019509754,0.34885888184710484
610305.1525762881,0.35089783319204937
612806.4032016008,0.35387991286209186
615307.6538269134,0.35653410305125255
617808.9044522261,0.3580110600942743
620310.1550775387,0.3617218107685787
622811.4057028514,0.3663897498085054
625312.656328164,0.3695718841075044
627813.9069534767,0.37455419522241473
630315.1575787894,0.3834427941339215
632816.4082041021,0.3856649052285226
635317.6588294146,0.3871586572636154
637818.9094547273,0.38843313541617097
640320.16008004,0.3894924752790073
642821.4107053527,0.3905524162157323
645322.6613306653,0.39161235715245724
647823.9119559779,0.39298634598602944
650325.1625812906,0.3975299842260944
652826.4132066033,0.39993527184492883
655327.6638319159,0.40475332149150955
657828.9144572286,0.40694188457509606
660330.1650825413,0.4131236511575357
662831.4157078539,0.41574277299739865
665332.6663331665,0.41918243410560496
667833.9169584792,0.4254260117430746
670335.1675837919,0.4328991612658845
672836.4182091046,0.43611807402007086
675337.6688344171,0.4380669929167083
677838.9194597298,0.4402436742699812
680340.1700850425,0.44331726328683035
682841.4207103552,0.446676221778821
685342.6713356678,0.449097373292792
687843.9219609805,0.45219520863551277
690345.1725862931,0.45477008675149544
692846.4232116058,0.45812829850155046
695347.6738369184,0.46276375221121185
697848.9244622311,0.4653746592283424
700350.1750875438,0.4710634362406956
702851.4257128563,0.4804273274889243
705352.676338169,0.48400940514617485
707853.9269634817,0.48855085875954074
710355.1775887944,0.49130839179750346
712856.428214107,0.49331499209593743
715357.6788394196,0.49567364664056734
717858.9294647323,0.4980334398864772
720360.180090045,0.5037405825200598
722861.4307153577,0.5082314262218668
725362.6813406703,0.5118486575476451
727863.931965983,0.5151472792276366
730365.1825912956,0.5208584755219816
732866.4332166082,0.5229522032737903
735367.6838419209,0.5246773251367044
737868.9344672336,0.5273789383334588
740370.1850925463,0.5352510864150273
742871.4357178588,0.5371887816671045
745372.6863431715,0.5387680039003029
747873.9369684842,0.5408803909355346
750375.1875937969,0.545725973420796
752876.4382191096,0.5481387576622977
755377.6888444222,0.5499646074941679
757878.9394697348,0.5514474029713332
760380.1900950475,0.5524126893190188
762881.4407203601,0.5533606424974881
765382.6913456728,0.5552200141999086
767883.9419709855,0.5568756884977129
770385.1925962981,0.5584846904379523
772886.4432216107,0.5673717545488597
775387.6938469234,0.5713224220338415
777888.9444722361,0.5729886188719835
780390.1950975488,0.5746548157101254
782891.4457228614,0.5766903099463752
785392.696348174,0.5802465329804447
787893.9469734867,0.5827812845165449
790395.1975987994,0.5870562284724172
792896.448224112,0.5900912305874412
795397.6988494247,0.5938980991783478
797898.9494747373,0.595719067322823
800400.20010005,0.5973048365159357
802901.4507253626,0.5988771397553051
805402.7013506753,0.6000493135800644
807903.951975988,0.6013842479642898
810405.2026013007,0.6028651656149783
812906.4532266132,0.6049456363452078
815407.7038519259,0.6089028717300753
817908.9544772386,0.6133590284322619
820410.2051025513,0.6172733868846719
822911.4557278639,0.6193307706828624
825412.7063531765,0.6225438158351837
827913.9569784892,0.6246228776190809
830415.2076038019,0.6262439241021559
832916.4582291145,0.6278746659029154
835417.7088544272,0.6318538009813605
837918.9594797398,0.6357459956854986
840420.2101050525,0.6385668193055333
842921.4607303651,0.6410631355748576
845422.7113556778,0.6440720850343851
847923.9619809905,0.6481861024685791
850425.2126063032,0.6524185746044909
852926.4632316157,0.6551279399186831
855427.7138569284,0.6568058494101429
857928.9644822411,0.6585527982040604
860430.2151075538,0.6602716324399909
862931.4657328664,0.6618229587602209
865432.716358179,0.6634257317282444
867933.9669834917,0.6663313344666972
870435.2176088043,0.6674568969895351
872936.468234117,0.6685824595123729
875437.7188594297,0.6698231262629817
877938.9694847424,0.6713670619054422
880440.220110055,0.6731921112366223
882941.4707353676,0.6767616783680254
885442.7213606803,0.6829712935544842
887943.971985993,0.6858429194385299
890445.2226113057,0.6888424351119551
892946.4732366182,0.6924533785462839
895447.7238619309,0.6952122416745831
897948.9744872436,0.6970002788952278
900450.2251125562,0.6991373627304928
902951.4757378689,0.703167708780573
905452.7263631816,0.7065815596190862
907953.9769884942,0.7146822170803259
910455.2276138068,0.7190906194246474
912956.4782391195,0.7224156169755259
915457.7288644322,0.7302751333649415
917958.9794897449,0.734819940355223
920460.2301150574,0.7386324648591185
922961.4807403701,0.7441349166559733
925462.7313656828,0.748242312830338
927963.9819909955,0.753027705624999
930465.2326163081,0.7573743007084978
932966.4832416208,0.7609747620103394
935467.7338669334,0.7658594683317157
937968.9844922461,0.7691878985484246
940470.2351175587,0.7719507301174529
942971.4857428714,0.7759453415364913
945472.7363681841,0.778052477942093
947973.9869934967,0.7798970905773523
950475.2376188093,0.7849047537182847
952976.488244122,0.78843063396918
955477.7388694347,0.7919478747000435
957978.9894947474,0.7932104314046132
960480.24012006,0.7942859400405682
962981.4907453726,0.7953009769842347
965482.7413706853,0.7962350586290683
967983.991995998,0.797201899023916
970485.2426213106,0.7982911683317793
972986.4932466233,0.799705462003262
975487.7438719359,0.8014783136150548
977988.9944972486,0.8022600674880014
980490.2451225612,0.8030108800110874
982991.4957478739,0.804310193485787
985492.7463731866,0.8069736415213188
987993.9969984991,0.8093984433783372
990495.2476238118,0.8127310848590426
992996.4982491245,0.8149801695332363
995497.7488744372,0.8163810158125643
997998.9994997499,0.8179468721466708
1000500.2501250625,0.8231517276384672
1003001.5007503751,0.8252163237625477
1005502.7513756878,0.8274815877120827
1008004.0020010005,0.8326400312807063
1010505.2526263131,0.8368622243364514
1013006.5032516258,0.8393815233473962
1015507.7538769384,0.8416334006537427
1018009.004502251,0.8437857930380203
1020510.2551275637,0.846868327616098
1023011.5057528764,0.8503105352410445
1025512.7563781891,0.8528950317151258
1028014.0070035018,0.8556205696347347
1030515.2576288143,0.8568993996964733
1033016.508254127,0.8598126249962581
1035517.7588794397,0.8623058111636241
1038019.0095047524,0.8634202440822036
1040520.260130065,0.865276262548434
1043021.5107553776,0.8664537111533829
1045522.7613806903,0.8678355373239128
1048024.012006003,0.8691477905999249
1050525.2626313155,0.870297221802852
1053026.5132566283,0.871481290505262
1055527.7638819409,0.8726885370574078
1058029.0145072537,0.8734907419422493
1060530.2651325662,0.8745680068568599
1063031.5157578788,0.8760114991980015
1065532.7663831916,0.8805639878163742
1068034.0170085041,0.8824612974125899
1070535.267633817,0.883682151878528
1073036.5182591295,0.8847824867382117
1075537.7688844423,0.8861740415017797
1078039.0195097548,0.8901755259031354
1080540.2701350674,0.8952142780767208
1083041.5207603802,0.8982224323618496
1085542.7713856928,0.9016680172433758
1088044.0220110056,0.9036963026736529
1090545.272636318,0.9047589534643532
1093046.5232616307,0.9059067390263518
1095547.7738869435,0.9070449966346137
1098049.024512256,0.9078917052577411
1100550.2751375688,0.909119009367032
1103051.5257628814,0.9103526498021415
1105552.776388194,0.9110979251651963
1108054.0270135067,0.9117834879133602
1110555.2776388193,0.9127549358376799
1113056.528264132,0.9145581346399226
1115557.7788894447,0.9159954686139428
1118059.0295147572,0.9180752995630272
1120560.28014007,0.9205396982678031
1123061.5307653826,0.9216966966489776
1125562.7813906954,0.9229741957521869
1128064.032016008,0.9243510167845173
1130565.2826413207,0.9282611215312411
1133066.5332666333,0.9290459538059174
1135567.7838919458,0.9298307860805937
1138069.0345172586,0.9318538284627943
1140570.2851425712,0.9331169543616717
1143071.535767884,0.9348891828962319
1145572.7863931966,0.9358800148450415
1148074.037018509,0.9366876583690149
1150575.287643822,0.9374455111811147
1153076.5382691345,0.9382033639932145
1155577.7888944473,0.938953347241255
1158079.0395197598,0.9397031388519673
1160580.2901450724,0.9406321498378792
1163081.5407703852,0.9416609172848117
1165582.7913956977,0.9422107610698898
1168084.0420210105,0.9427576072697439
1170585.292646323,0.9433044534695978
1173086.5432716357,0.9454452654044229
1175587.7938969485,0.9466446619456159
1178089.044522261,0.9478971261072207
1180590.2951475738,0.9501907822526877
1183091.5457728864,0.9506225516261335
1185592.796398199,0.9509671180304625
1188094.0470235117,0.9513116844347915
1190595.2976488243,0.9516562508391204
1193096.548274137,0.9520008172434494
1195597.7988994496,0.9523023268691585
1198099.0495247624,0.9537535968182723
1200600.300150075,0.9539358255108941
1203101.5507753876,0.9541180542035158
1205602.8014007004,0.9543002828961376
1208104.052026013,0.9544825115887594
1210605.3026513257,0.9546647402813812
1213106.5532766383,0.9548469689740029
1215607.8039019508,0.9560715826592134
1218109.0545272636,0.9565516721285535
1220610.3051525762,0.9569455212384135
1223111.555777889,0.9573393703482733
1225612.8064032015,0.9598804799014102
1228114.057028514,0.9602510710286688
1230615.307653827,0.9604720845445145
1233116.5582791395,0.9606930980603602
1235617.8089044522,0.9609141115762059
1238119.0595297648,0.9611351250920516
1240620.3101550774,0.9613673002209291
1243121.5607803902,0.9617431468994614
1245622.8114057027,0.9621189935779938
1248124.0620310155,0.9624948402565262
1250625.312656328,0.9628489271546665
1253126.5632816409,0.9631909540132291
1255627.8139069534,0.9635329808717916
1258129.064532266,0.9638750077303542
1260630.3151575788,0.9658474932577037
1263131.5657828914,0.9667690628039826
1265632.8164082041,0.9673034230684212
1268134.0670335167,0.9678576459995275
1270635.3176588293,0.9685875511433439
1273136.568284142,0.9693614829376975
1275637.8189094546,0.9702223966970709
1278139.0695347674,0.9705987721836715
1280640.32016008,0.9708823102831696
1283141.5707853925,0.9711658483826676
1285642.8214107053,0.9714493864821656
1288144.072036018,0.9717508249675106
1290645.3226613307,0.9720951904712599
1293146.5732866433,0.9724395559750092
1295647.8239119558,0.9727839214787586
1298149.0745372686,0.973784026092463
1300650.3251625812,0.9759532222454588
1303151.575787894,0.9771495499769947
1305652.8264132065,0.9775851258033585
1308154.077038519,0.9780207016297227
1310655.3276638319,0.9783490578226943
1313156.5782891444,0.9786561520600318
1315657.8289144572,0.9789632462973692
1318159.0795397698,0.9792703405347066
1320660.3301650826,0.9795589041772813
1323161.5807903951,0.9798369632796875
1325662.8314157077,0.9801150223820938
1328164.0820410205,0.9803930814845001
1330665.332666333,0.9806768444783622
1333166.5832916459,0.982047698930937
1335667.8339169584,0.9823538597511396
1338169.084542271,0.9826600205713423
1340670.3351675838,0.9829661813915449
1343171.5857928963,0.9833310811070378
1345672.8364182091,0.9843589067177182
1348174.0870435217,0.9847085888078199
1350675.3376688343,0.9849170252482682
1353176.588294147,0.9851254616887166
1355677.8389194596,0.9853338981291649
1358179.0895447724,0.9855423345696133
1360680.340170085,0.9857507710100617
1363181.5907953975,0.9861623022650701
1365682.8414207103,0.9866855589395983
1368184.0920460229,0.987179769212035
1370685.3426713357,0.9875437327525831
1373186.5932966482,0.9879076962931311
1375687.843921961,0.9882716598336793
1378189.0945472736,0.9885045400962736
1380690.3451725862,0.9886642339684047
1383191.595797899,0.9888239278405359
1385692.8464232115,0.9889836217126668
1388194.0970485243,0.989143315584798
1390695.3476738369,0.9893030094569291
1393196.5982991494,0.9894627033290602
1395697.8489244622,0.9896223972011912
1398199.0995497748,0.9898635290380472
1400700.3501750876,0.9901655587527299
1403201.6008004001,0.9904675884674126
1405702.8514257127,0.9907696181820953
1408204.1020510255,0.9910032394485211
1410705.352676338,0.9910813374596448
1413206.6033016508,0.9911594354707683
1415707.8539269634,0.9912375334818919
1418209.104552276,0.9913156314930156
1420710.3551775888,0.9913937295041392
1423211.6058029013,0.9914718275152627
1425712.856428214,0.9915499255263864
1428214.1070535267,0.99162802353751
1430715.3576788392,0.9917061215486336
1433216.608304152,0.9917842195597573
1435717.8589294646,0.9918623175708808
1438219.1095547774,0.9919404155820044
1440720.36018009,0.9920185135931281
1443221.6108054027,0.9920966116042517
1445722.8614307153,0.9921747096153752
1448224.1120560279,0.9922528076264988
1450725.3626813407,0.9924365178304777
1453226.6133066532,0.9926458205002889
1455727.863931966,0.9928551231701003
1458229.1145572786,0.9930644258399115
1460730.3651825911,0.9932737285097228
1463231.615807904,0.9934830311795341
1465732.8664332165,0.9936000431915277
1468234.1170585293,0.9936669269298057
1470735.3676838418,0.9937338106680838
1473236.6183091544,0.9938006944063618
1475737.8689344672,0.9938675781446398
1478239.1195597798,0.9939344618829178
1480740.3701850926,0.9940013456211958
1483241.6208104051,0.9940682293594738
1485742.8714357177,0.9941351130977517
1488244.1220610305,0.9942019968360297
1490745.372686343,0.9942688805743077
1493246.6233116558,0.9943357643125857
1495747.8739369684,0.9944026480508638
1498249.1245622812,0.9944695317891418
1500750.3751875937,0.9945364155274198
1503251.6258129063,0.9946032992656978
1505752.876438219,0.9946701830039758
1508254.1270635317,0.9947370667422538
1510755.3776888445,0.9948039504805318
1513256.628314157,0.9949037963639132
1515757.8789394696,0.9950572265388511
1518259.1295647824,0.9952106567137888
1520760.380190095,0.9953640868887267
1523261.6308154077,0.9955175170636645
1525762.8814407203,0.9956709472386023
1528264.1320660328,0.9958243774135401
1530765.3826913456,0.995977807588478
1533266.6333166582,0.9961312377634157
1535767.883941971,0.996563553584666
1538269.1345672836,0.9970010211627187
1540770.3851925961,0.9974289077307872
1543271.635817909,0.9976012377732966
1545772.8864432215,0.9977735678158058
1548274.1370685343,0.9979458978583151
1550775.3876938468,0.9981182279008244
1553276.6383191594,0.9982905579433337
1555777.8889444722,0.9984628879858429
1558279.1395697847,0.9986352180283522
1560780.3901950975,0.9987791526836086
1563281.64082041,0.9989006201660888
1565782.891445723,0.9990220876485689
1568284.1420710355,0.9991435551310491
1570785.392696348,0.9992650226135293
1573286.6433216608,0.9993864900960094
1575787.8939469734,0.9995079575784896
1578289.1445722862,0.9996294250609699
1580790.3951975987,0.99975089254345
1583291.6458229113,0.99987236002593
1585792.896448224,0.9999938275084103
1588294.1470735366,1.0
1590795.3976988494,1.0
1593296.648324162,1.0
1595797.8989494746,1.0
1598299.1495747874,1.0
1600800.4002001,1.0
1603301.6508254127,1.0
1605802.9014507253,1.0
1608304.1520760378,1.0
1610805.4027013506,1.0
1613306.6533266632,1.0
1615807.903951976,1.0
1618309.1545772885,1.0
1620810.4052026013,1.0
1623311.655827914,1.0
1625812.9064532265,1.0
1628314.1570785393,1.0
1630815.4077038518,1.0
1633316.6583291646,1.0
1635817.9089544772,1.0
1638319.1595797897,1.0
1640820.4102051025,1.0
1643321.660830415,1.0
1645822.9114557279,1.0
1648324.1620810404,1.0
1650825.412706353,1.0
1653326.6633316658,1.0
1655827.9139569784,1.0
1658329.1645822912,1.0
1660830.4152076037,1.0
1663331.6658329163,1.0
1665832.916458229,1.0
1668334.1670835416,1.0
1670835.4177088544,1.0
1673336.668334167,1.0
1675837.9189594795,1.0
1678339.1695847923,1.0
1680840.420210105,1.0
1683341.6708354177,1.0
1685842.9214607303,1.0
1688344.172086043,1.0
1690845.4227113556,1.0
1693346.6733366682,1.0
1695847.923961981,1.0
1698349.1745872935,1.0
1700850.4252126063,1.0
1703351.6758379189,1.0
1705852.9264632314,1.0
1708354.1770885442,1.0
1710855.4277138568,1.0
1713356.6783391696,1.0
1715857.9289644822,1.0
1718359.1795897947,1.0
1720860.4302151075,1.0
1723361.68084042,1.0
1725862.9314657329,1.0
1728364.1820910454,1.0
1730865.432716358,1.0
1733366.6833416708,1.0
1735867.9339669833,1.0
1738369.1845922961,1.0
1740870.4352176087,1.0
1743371.6858429215,1.0
1745872.936468234,1.0
1748374.1870935466,1.0
1750875.4377188594,1.0
1753376.688344172,1.0
1755877.9389694848,1.0
1758379.1895947973,1.0
1760880.44022011,1.0
1763381.6908454227,1.0
1765882.9414707352,1.0
1768384.192096048,1.0
1770885.4427213606,1.0
1773386.6933466732,1.0
1775887.943971986,1.0
1778389.1945972985,1.0
1780890.4452226113,1.0
1783391.6958479239,1.0
1785892.9464732364,1.0
1788394.1970985492,1.0
1790895.4477238618,1.0
1793396.6983491746,1.0
1795897.9489744871,1.0
1798399.1995997997,1.0
1800900.4502251125,1.0
1803401.700850425,1.0
1805902.9514757378,1.0
1808404.2021010504,1.0
1810905.4527263632,1.0
1813406.7033516758,1.0
1815907.9539769883,1.0
1818409.2046023011,1.0
1820910.4552276137,1.0
1823411.7058529265,1.0
1825912.956478239,1.0
1828414.2071035516,1.0
1830915.4577288644,1.0
1833416.708354177,1.0
1835917.9589794897,1.0
1838419.2096048023,1.0
1840920.4602301149,1.0
1843421.7108554277,1.0
1845922.9614807402,1.0
1848424.212106053,1.0
1850925.4627313656,1.0
1853426.7133566781,1.0
1855927.963981991,1.0
1858429.2146073035,1.0
1860930.4652326163,1.0
1863431.7158579289,1.0
1865932.9664832416,1.0
1868434.2171085542,1.0
1870935.4677338668,1.0
1873436.7183591796,1.0
1875937.9689844921,1.0
1878439.219609805,1.0
1880940.4702351175,1.0
1883441.72086043,1.0
1885942.9714857428,1.0
1888444.2221110554,1.0
1890945.4727363682,1.0
1893446.7233616807,1.0
1895947.9739869933,1.0
1898449.224612306,1.0
1900950.4752376187,1.0
1903451.7258629315,1.0
1905952.976488244,1.0
1908454.2271135566,1.0
1910955.4777388694,1.0
1913456.728364182,1.0
1915957.9789894947,1.0
1918459.2296148073,1.0
1920960.48024012,1.0
1923461.7308654326,1.0
1925962.9814907452,1.0
1928464.232116058,1.0
1930965.4827413706,1.0
1933466.7333666834,1.0
1935967.983991996,1.0
1938469.2346173085,1.0
1940970.4852426213,1.0
1943471.7358679338,1.0
1945972.9864932466,1.0
1948474.2371185592,1.0
1950975.4877438718,1.0
1953476.7383691845,1.0
1955977.988994497,1.0
1958479.23961981,1.0
1960980.4902451225,1.0
1963481.740870435,1.0
1965982.9914957478,1.0
1968484.2421210604,1.0
1970985.4927463732,1.0
1973486.7433716857,1.0
1975987.9939969983,1.0
1978489.244622311,1.0
1980990.4952476237,1.0
1983491.7458729364,1.0
1985992.996498249,1.0
1988494.2471235618,1.0
1990995.4977488744,1.0
1993496.748374187,1.0
1995997.9989994997,1.0
1998499.2496248123,1.0
2001000.500250125,1.0
2003501.7508754376,1.0
2006003.0015007502,1.0
2008504.252126063,1.0
2011005.5027513755,1.0
2013506.7533766883,1.0
2016008.004002001,1.0
2018509.2546273135,1.0
2021010.5052526263,1.0
2023511.7558779388,1.0
2026013.0065032516,1.0
2028514.2571285642,1.0
2031015.5077538767,1.0
2033516.7583791895,1.0
2036018.009004502,1.0
2038519.259629815,1.0
2041020.5102551274,1.0
2043521.7608804402,1.0
2046023.0115057528,1.0
2048524.2621310654,1.0
2051025.5127563782,1.0
2053526.7633816907,1.0
2056028.0140070035,1.0
2058529.264632316,1.0
2061030.5152576286,1.0
2063531.7658829414,1.0
2066033.016508254,1.0
2068534.2671335668,1.0
2071035.5177588793,1.0
2073536.768384192,1.0
2076038.0190095047,1.0
2078539.2696348173,1.0
2081040.52026013,1.0
2083541.7708854426,1.0
2086043.0215107552,1.0
2088544.272136068,1.0
2091045.5227613805,1.0
2093546.7733866933,1.0
2096048.024012006,1.0
2098549.2746373187,1.0
2101050.525262631,1.0
2103551.775887944,1.0
2106053.0265132566,1.0
2108554.2771385694,1.0
2111055.5277638817,1.0
2113556.7783891945,1.0
2116058.0290145073,1.0
2118559.2796398196,1.0
2121060.5302651324,1.0
2123561.780890445,1.0
2126063.0315157576,1.0
2128564.2821410703,1.0
2131065.532766383,1.0
2133566.783391696,1.0
2136068.0340170083,1.0
2138569.284642321,1.0
2141070.535267634,1.0
2143571.785892946,1.0
2146073.036518259,1.0
2148574.287143572,1.0
2151075.5377688846,1.0
2153576.788394197,1.0
2156078.0390195097,1.0
2158579.2896448225,1.0
2161080.540270135,1.0
2163581.7908954476,1.0
2166083.0415207604,1.0
2168584.2921460727,1.0
2171085.5427713855,1.0
2173586.7933966983,1.0
2176088.044022011,1.0
2178589.2946473234,1.0
2181090.545272636,1.0
2183591.795897949,1.0
2186093.0465232613,1.0
2188594.297148574,1.0
2191095.547773887,1.0
2193596.7983991993,1.0
2196098.049024512,1.0
2198599.299649825,1.0
2201100.5502751376,1.0
2203601.80090045,1.0
2206103.051525763,1.0
2208604.3021510756,1.0
2211105.552776388,1.0
2213606.8034017007,1.0
2216108.0540270135,1.0
2218609.3046523263,1.0
2221110.5552776386,1.0
2223611.8059029514,1.0
2226113.056528264,1.0
2228614.3071535765,1.0
2231115.5577788893,1.0
2233616.808404202,1.0
2236118.0590295144,1.0
2238619.309654827,1.0
2241120.56028014,1.0
2243621.810905453,1.0
2246123.061530765,1.0
2248624.312156078,1.0
2251125.5627813907,1.0
2253626.813406703,1.0
2256128.064032016,1.0
2258629.3146573287,1.0
2261130.5652826414,1.0
2263631.815907954,1.0
2266133.0665332666,1.0
2268634.3171585794,1.0
2271135.5677838917,1.0
2273636.8184092045,1.0
2276138.0690345173,1.0
2278639.3196598296,1.0
2281140.5702851424,1.0
2283641.820910455,1.0
2286143.071535768,1.0
2288644.3221610803,1.0
2291145.572786393,1.0
2293646.823411706,1.0
2296148.074037018,1.0
2298649.324662331,1.0
2301150.575287644,1.0
2303651.825912956,1.0
2306153.076538269,1.0
2308654.3271635817,1.0
2311155.5777888945,1.0
2313656.828414207,1.0
2316158.0790395197,1.0
2318659.3296648324,1.0
2321160.580290145,1.0
2323661.8309154576,1.0
2326163.0815407704,1.0
2328664.332166083,1.0
2331165.5827913955,1.0
2333666.8334167083,1.0
2336168.084042021,1.0
2338669.3346673334,1.0
2341170.585292646,1.0
2343671.835917959,1.0
2346173.0865432713,1.0
2348674.337168584,1.0
2351175.587793897,1.0
2353676.8384192097,1.0
2356178.089044522,1.0
2358679.339669835,1.0
2361180.5902951476,1.0
2363681.84092046,1.0
2366183.0915457727,1.0
2368684.3421710855,1.0
2371185.592796398,1.0
2373686.8434217107,1.0
2376188.0940470234,1.0
2378689.3446723362,1.0
2381190.5952976486,1.0
2383691.8459229614,1.0
2386193.096548274,1.0
2388694.3471735865,1.0
2391195.5977988993,1.0
2393696.848424212,1.0
2396198.099049525,1.0
2398699.349674837,1.0
2401200.60030015,1.0
2403701.850925463,1.0
2406203.101550775,1.0
2408704.352176088,1.0
2411205.6028014007,1.0
2413706.853426713,1.0
2416208.104052026,1.0
2418709.3546773386,1.0
2421210.6053026514,1.0
2423711.8559279637,1.0
2426213.1065532765,1.0
2428714.3571785893,1.0
2431215.6078039017,1.0
2433716.8584292145,1.0
2436218.1090545272,1.0
2438719.3596798396,1.0
2441220.6103051524,1.0
2443721.860930465,1.0
2446223.111555778,1.0
2448724.3621810903,1.0
2451225.612806403,1.0
2453726.863431716,1.0
2456228.114057028,1.0
2458729.364682341,1.0
2461230.615307654,1.0
2463731.8659329666,1.0
2466233.116558279,1.0
2468734.3671835917,1.0
2471235.6178089045,1.0
2473736.868434217,1.0
2476238.1190595296,1.0
2478739.3696848424,1.0
2481240.6203101547,1.0
2483741.8709354675,1.0
2486243.1215607803,1.0
2488744.372186093,1.0
2491245.6228114055,1.0
2493746.8734367182,1.0
2496248.124062031,1.0
2498749.3746873434,1.0
2501250.625312656,1.0
2503751.875937969,1.0
2506253.1265632818,1.0
2508754.377188594,1.0
2511255.627813907,1.0
2513756.8784392197,1.0
2516258.129064532,1.0
2518759.379689845,1.0
2521260.6303151576,1.0
2523761.88094047,1.0
2526263.1315657827,1.0
2528764.3821910955,1.0
2531265.6328164083,1.0
2533766.8834417206,1.0
2536268.1340670334,1.0
2538769.384692346,1.0
2541270.6353176585,1.0
2543771.8859429713,1.0
2546273.136568284,1.0
2548774.3871935965,1.0
2551275.6378189093,1.0
2553776.888444222,1.0
2556278.139069535,1.0
2558779.389694847,1.0
2561280.64032016,1.0
2563781.8909454728,1.0
2566283.141570785,1.0
2568784.392196098,1.0
2571285.6428214107,1.0
2573786.8934467235,1.0
2576288.144072036,1.0
2578789.3946973486,1.0
2581290.6453226614,1.0
2583791.8959479737,1.0
2586293.1465732865,1.0
2588794.3971985993,1.0
2591295.6478239116,1.0
2593796.8984492244,1.0
2596298.149074537,1.0
2598799.39969985,1.0
2601300.6503251623,1.0
2603801.900950475,1.0
2606303.151575788,1.0
2608804.4022011003,1.0
2611305.652826413,1.0
2613806.903451726,1.0
2616308.154077038,1.0
2618809.404702351,1.0
2621310.6553276638,1.0
2623811.9059529766,1.0
2626313.156578289,1.0
2628814.4072036017,1.0
2631315.6578289145,1.0
2633816.908454227,1.0
2636318.1590795396,1.0
2638819.4097048524,1.0
2641320.660330165,1.0
2643821.9109554775,1.0
2646323.1615807903,1.0
2648824.412206103,1.0
2651325.6628314154,1.0
2653826.913456728,1.0
2656328.164082041,1.0
2658829.4147073533,1.0
2661330.665332666,1.0
2663831.915957979,1.0
2666333.1665832917,1.0
2668834.417208604,1.0
2671335.667833917,1.0
2673836.9184592296,1.0
2676338.169084542,1.0
2678839.4197098548,1.0
2681340.6703351676,1.0
2683841.9209604803,1.0
2686343.1715857927,1.0
2688844.4222111055,1.0
2691345.6728364183,1.0
2693846.9234617306,1.0
2696348.1740870434,1.0
2698849.424712356,1.0
2701350.6753376685,1.0
2703851.9259629813,1.0
2706353.176588294,1.0
2708854.427213607,1.0
2711355.677838919,1.0
2713856.928464232,1.0
2716358.179089545,1.0
2718859.429714857,1.0
2721360.68034017,1.0
2723861.9309654827,1.0
2726363.181590795,1.0
2728864.432216108,1.0
2731365.6828414206,1.0
2733866.9334667334,1.0
2736368.1840920458,1.0
2738869.4347173586,1.0
2741370.6853426713,1.0
2743871.9359679837,1.0
2746373.1865932965,1.0
2748874.4372186093,1.0
2751375.687843922,1.0
2753876.9384692344,1.0
2756378.189094547,1.0
2758879.43971986,1.0
2761380.6903451723,1.0
2763881.940970485,1.0
2766383.191595798,1.0
2768884.44222111,1.0
2771385.692846423,1.0
2773886.943471736,1.0
2776388.1940970486,1.0
2778889.444722361,1.0
2781390.6953476737,1.0
2783891.9459729865,1.0
2786393.196598299,1.0
2788894.4472236116,1.0
2791395.6978489244,1.0
2793896.9484742368,1.0
2796398.1990995496,1.0
2798899.4497248624,1.0
2801400.700350175,1.0
2803901.9509754875,1.0
2806403.2016008003,1.0
2808904.452226113,1.0
2811405.7028514254,1.0
2813906.953476738,1.0
2816408.204102051,1.0
2818909.454727364,1.0
2821410.705352676,1.0
2823911.955977989,1.0
2826413.2066033017,1.0
2828914.457228614,1.0
2831415.707853927,1.0
2833916.9584792396,1.0
2836418.209104552,1.0
2838919.4597298647,1.0
2841420.7103551775,1.0
2843921.9609804903,1.0
2846423.2116058026,1.0
2848924.4622311154,1.0
2851425.712856428,1.0
2853926.9634817406,1.0
2856428.2141070534,1.0
2858929.464732366,1.0
2861430.7153576785,1.0
2863931.9659829913,1.0
2866433.216608304,1.0
2868934.467233617,1.0
2871435.717858929,1.0
2873936.968484242,1.0
2876438.219109555,1.0
2878939.469734867,1.0
2881440.72036018,1.0
2883941.9709854927,1.0
2886443.2216108055,1.0
2888944.472236118,1.0
2891445.7228614306,1.0
2893946.9734867434,1.0
2896448.2241120557,1.0
2898949.4747373685,1.0
2901450.7253626813,1.0
2903951.9759879936,1.0
2906453.2266133064,1.0
2908954.4772386192,1.0
2911455.727863932,1.0
2913956.9784892444,1.0
2916458.229114557,1.0
2918959.47973987,1.0
2921460.7303651823,1.0
2923961.980990495,1.0
2926463.231615808,1.0
2928964.4822411207,1.0
2931465.732866433,1.0
2933966.983491746,1.0
2936468.2341170586,1.0
2938969.484742371,1.0
2941470.7353676837,1.0
2943971.9859929965,1.0
2946473.236618309,1.0
2948974.4872436216,1.0
2951475.7378689344,1.0
2953976.988494247,1.0
2956478.2391195595,1.0
2958979.4897448723,1.0
2961480.740370185,1.0
2963981.9909954974,1.0
2966483.2416208102,1.0
2968984.492246123,1.0
2971485.7428714354,1.0
2973986.993496748,1.0
2976488.244122061,1.0
2978989.4947473737,1.0
2981490.745372686,1.0
2983991.995997999,1.0
2986493.2466233117,1.0
2988994.497248624,1.0
2991495.747873937,1.0
2993996.9984992496,1.0
2996498.2491245624,1.0
2998999.4997498747,1.0
3001500.7503751875,1.0
3004002.0010005003,1.0
3006503.2516258126,1.0
3009004.5022511254,1.0
3011505.752876438,1.0
3014007.0035017505,1.0
3016508.2541270633,1.0
3019009.504752376,1.0
3021510.755377689,1.0
3024012.0060030012,1.0
3026513.256628314,1.0
3029014.507253627,1.0
3031515.757878939,1.0
3034017.008504252,1.0
3036518.2591295647,1.0
3039019.509754877,1.0
3041520.76038019,1.0
3044022.0110055027,1.0
3046523.2616308155,1.0
3049024.512256128,1.0
3051525.7628814406,1.0
3054027.0135067534,1.0
3056528.2641320657,1.0
3059029.5147573785,1.0
3061530.7653826913,1.0
3064032.016008004,1.0
3066533.2666333164,1.0
3069034.517258629,1.0
3071535.767883942,1.0
3074037.0185092543,1.0
3076538.269134567,1.0
3079039.51975988,1.0
3081540.7703851922,1.0
3084042.021010505,1.0
3086543.271635818,1.0
3089044.5222611306,1.0
3091545.772886443,1.0
3094047.0235117557,1.0
3096548.2741370685,1.0
3099049.524762381,1.0
3101550.7753876937,1.0
3104052.0260130065,1.0
3106553.276638319,1.0
3109054.5272636316,1.0
3111555.7778889444,1.0
3114057.028514257,1.0
3116558.2791395695,1.0
3119059.5297648823,1.0
3121560.780390195,1.0
3124062.0310155074,1.0
3126563.28164082,1.0
3129064.532266133,1.0
3131565.782891446,1.0
3134067.033516758,1.0
3136568.284142071,1.0
3139069.5347673837,1.0
3141570.785392696,1.0
3144072.036018009,1.0
3146573.2866433216,1.0
3149074.537268634,1.0
3151575.7878939467,1.0
3154077.0385192595,1.0
3156578.2891445723,1.0
3159079.5397698847,1.0
3161580.7903951975,1.0
3164082.0410205103,1.0
3166583.2916458226,1.0
3169084.5422711354,1.0
3171585.792896448,1.0
3174087.043521761,1.0
3176588.2941470733,1.0
3179089.544772386,1.0
3181590.795397699,1.0
3184092.046023011,1.0
3186593.296648324,1.0
3189094.547273637,1.0
3191595.797898949,1.0
3194097.048524262,1.0
3196598.2991495747,1.0
3199099.5497748875,1.0
3201600.8004002,1.0
3204102.0510255126,1.0
3206603.3016508254,1.0
3209104.5522761378,1.0
3211605.8029014505,1.0
3214107.0535267633,1.0
3216608.3041520757,1.0
3219109.5547773885,1.0
3221610.8054027013,1.0
3224112.056028014,1.0
3226613.3066533264,1.0
3229114.557278639,1.0
3231615.807903952,1.0
3234117.0585292643,1.0
3236618.309154577,1.0
3239119.55977989,1.0
3241620.8104052027,1.0
3244122.061030515,1.0
3246623.311655828,1.0
3249124.5622811406,1.0
3251625.812906453,1.0
3254127.0635317657,1.0
3256628.3141570785,1.0
3259129.564782391,1.0
3261630.8154077036,1.0
3264132.0660330164,1.0
3266633.316658329,1.0
3269134.5672836415,1.0
3271635.8179089543,1.0
3274137.068534267,1.0
3276638.3191595795,1.0
3279139.5697848923,1.0
3281640.820410205,1.0
3284142.0710355174,1.0
3286643.32166083,1.0
3289144.572286143,1.0
3291645.8229114558,1.0
3294147.073536768,1.0
3296648.324162081,1.0
3299149.5747873937,1.0
3301650.825412706,1.0
3304152.076038019,1.0
3306653.3266633316,1.0
3309154.5772886444,1.0
3311655.8279139567,1.0
3314157.0785392695,1.0
3316658.3291645823,1.0
3319159.5797898946,1.0
3321660.8304152074,1.0
3324162.08104052,1.0
3326663.3316658325,1.0
3329164.5822911453,1.0
3331665.832916458,1.0
3334167.083541771,1.0
3336668.3341670833,1.0
3339169.584792396,1.0
3341670.835417709,1.0
3344172.086043021,1.0
3346673.336668334,1.0
3349174.5872936468,1.0
3351675.837918959,1.0
3354177.088544272,1.0
3356678.3391695847,1.0
3359179.5897948975,1.0
3361680.84042021,1.0
3364182.0910455226,1.0
3366683.3416708354,1.0
3369184.5922961477,1.0
3371685.8429214605,1.0
3374187.0935467733,1.0
3376688.344172086,1.0
3379189.5947973984,1.0
3381690.845422711,1.0
3384192.096048024,1.0
3386693.3466733363,1.0
3389194.597298649,1.0
3391695.847923962,1.0
3394197.0985492743,1.0
3396698.349174587,1.0
3399199.5997999,1.0
3401700.8504252126,1.0
3404202.101050525,1.0
3406703.3516758378,1.0
3409204.6023011506,1.0
3411705.852926463,1.0
3414207.1035517757,1.0
3416708.3541770885,1.0
3419209.6048024013,1.0
3421710.8554277136,1.0
3424212.1060530264,1.0
3426713.356678339,1.0
3429214.6073036515,1.0
3431715.8579289643,1.0
3434217.108554277,1.0
3436718.3591795894,1.0
3439219.609804902,1.0
3441720.860430215,1.0
3444222.111055528,1.0
3446723.36168084,1.0
3449224.612306153,1.0
3451725.8629314657,1.0
3454227.113556778,1.0
3456728.364182091,1.0
3459229.6148074036,1.0
3461730.865432716,1.0
3464232.116058029,1.0
3466733.3666833416,1.0
3469234.6173086544,1.0
3471735.8679339667,1.0
3474237.1185592795,1.0
3476738.3691845923,1.0
3479239.6198099046,1.0
3481740.8704352174,1.0
3484242.12106053,1.0
3486743.371685843,1.0
3489244.6223111553,1.0
3491745.872936468,1.0
3494247.123561781,1.0
3496748.374187093,1.0
3499249.624812406,1.0
3501750.875437719,1.0
3504252.126063031,1.0
3506753.376688344,1.0
3509254.6273136567,1.0
3511755.8779389695,1.0
3514257.128564282,1.0
3516758.3791895946,1.0
3519259.6298149074,1.0
3521760.88044022,1.0
3524262.1310655326,1.0
3526763.3816908454,1.0
3529264.6323161577,1.0
3531765.8829414705,1.0
3534267.1335667833,1.0
3536768.384192096,1.0
3539269.6348174084,1.0
3541770.885442721,1.0
3544272.136068034,1.0
3546773.3866933463,1.0
3549274.637318659,1.0
3551775.887943972,1.0
3554277.1385692847,1.0
3556778.389194597,1.0
3559279.63981991,1.0
3561780.8904452226,1.0
3564282.141070535,1.0
3566783.3916958477,1.0
3569284.6423211605,1.0
3571785.892946473,1.0
3574287.1435717857,1.0
3576788.3941970984,1.0
3579289.6448224112,1.0
3581790.8954477236,1.0
3584292.1460730364,1.0
3586793.396698349,1.0
3589294.6473236615,1.0
3591795.8979489743,1.0
3594297.148574287,1.0
3596798.3991995994,1.0
3599299.649824912,1.0
3601800.900450225,1.0
3604302.151075538,1.0
3606803.40170085,1.0
3609304.652326163,1.0
3611805.9029514757,1.0
3614307.153576788,1.0
3616808.404202101,1.0
3619309.6548274136,1.0
3621810.9054527264,1.0
3624312.1560780387,1.0
3626813.4067033515,1.0
3629314.6573286643,1.0
3631815.9079539767,1.0
3634317.1585792894,1.0
3636818.4092046022,1.0
3639319.6598299146,1.0
3641820.9104552274,1.0
3644322.16108054,1.0
3646823.411705853,1.0
3649324.6623311653,1.0
3651825.912956478,1.0
3654327.163581791,1.0
3656828.414207103,1.0
3659329.664832416,1.0
3661830.915457729,1.0
3664332.1660830416,1.0
3666833.416708354,1.0
3669334.6673336667,1.0
3671835.9179589795,1.0
3674337.168584292,1.0
3676838.4192096046,1.0
3679339.6698349174,1.0
3681840.9204602297,1.0
3684342.1710855425,1.0
3686843.4217108553,1.0
3689344.672336168,1.0
3691845.9229614804,1.0
3694347.1735867932,1.0
3696848.424212106,1.0
3699349.6748374184,1.0
3701850.925462731,1.0
3704352.176088044,1.0
3706853.4267133563,1.0
3709354.677338669,1.0
3711855.927963982,1.0
3714357.1785892947,1.0
3716858.429214607,1.0
3719359.67983992,1.0
3721860.9304652326,1.0
3724362.181090545,1.0
3726863.4317158577,1.0
3729364.6823411705,1.0
3731865.9329664833,1.0
3734367.1835917956,1.0
3736868.4342171084,1.0
3739369.684842421,1.0
3741870.9354677335,1.0
3744372.1860930463,1.0
3746873.436718359,1.0
3749374.6873436715,1.0
3751875.9379689842,1.0
3754377.188594297,1.0
3756878.43921961,1.0
3759379.689844922,1.0
3761880.940470235,1.0
3764382.1910955478,1.0
3766883.44172086,1.0
3769384.692346173,1.0
3771885.9429714857,1.0
3774387.193596798,1.0
3776888.444222111,1.0
3779389.6948474236,1.0
3781890.9454727364,1.0
3784392.1960980487,1.0
3786893.4467233615,1.0
3789394.6973486743,1.0
3791895.9479739866,1.0
3794397.1985992994,1.0
3796898.449224612,1.0
3799399.699849925,1.0
3801900.9504752373,1.0
3804402.20110055,1.0
3806903.451725863,1.0
3809404.7023511752,1.0
3811905.952976488,1.0
3814407.203601801,1.0
3816908.454227113,1.0
3819409.704852426,1.0
3821910.9554777388,1.0
3824412.2061030515,1.0
3826913.456728364,1.0
3829414.7073536767,1.0
3831915.9579789895,1.0
3834417.208604302,1.0
3836918.4592296146,1.0
3839419.7098549274,1.0
3841920.96048024,1.0
3844422.2111055525,1.0
3846923.4617308653,1.0
3849424.712356178,1.0
3851925.9629814904,1.0
3854427.213606803,1.0
3856928.464232116,1.0
3859429.7148574283,1.0
3861930.965482741,1.0
3864432.216108054,1.0
3866933.4667333667,1.0
3869434.717358679,1.0
3871935.967983992,1.0
3874437.2186093046,1.0
3876938.469234617,1.0
3879439.7198599298,1.0
3881940.9704852425,1.0
3884442.221110555,1.0
3886943.4717358677,1.0
3889444.7223611805,1.0
3891945.9729864933,1.0
3894447.2236118056,1.0
3896948.4742371184,1.0
3899449.724862431,1.0
3901950.9754877435,1.0
3904452.2261130563,1.0
3906953.476738369,1.0
3909454.727363682,1.0
3911955.977988994,1.0
3914457.228614307,1.0
3916958.47923962,1.0
3919459.729864932,1.0
3921960.980490245,1.0
3924462.2311155577,1.0
3926963.48174087,1.0
3929464.732366183,1.0
3931965.9829914956,1.0
3934467.2336168084,1.0
3936968.4842421208,1.0
3939469.7348674336,1.0
3941970.9854927463,1.0
3944472.2361180587,1.0
3946973.4867433715,1.0
3949474.7373686843,1.0
3951975.9879939966,1.0
3954477.2386193094,1.0
3956978.489244622,1.0
3959479.739869935,1.0
3961980.9904952473,1.0
3964482.24112056,1.0
3966983.491745873,1.0
3969484.742371185,1.0
3971985.992996498,1.0
3974487.243621811,1.0
3976988.4942471236,1.0
3979489.744872436,1.0
3981990.9954977487,1.0
3984492.2461230615,1.0
3986993.496748374,1.0
3989494.7473736866,1.0
3991995.9979989994,1.0
3994497.2486243118,1.0
3996998.4992496246,1.0
3999499.7498749373,1.0
4002001.00050025,1.0
4004502.2511255625,1.0
4007003.5017508753,1.0
4009504.752376188,1.0
4012006.0030015004,1.0
4014507.253626813,1.0
4017008.504252126,1.0
4019509.7548774383,1.0
4022011.005502751,1.0
4024512.256128064,1.0
4027013.5067533767,1.0
4029514.757378689,1.0
4032016.008004002,1.0
4034517.2586293146,1.0
4037018.509254627,1.0
4039519.7598799397,1.0
4042021.0105052525,1.0
4044522.2611305653,1.0
4047023.5117558776,1.0
4049524.7623811904,1.0
4052026.013006503,1.0
4054527.2636318156,1.0
4057028.5142571284,1.0
4059529.764882441,1.0
4062031.0155077535,1.0
4064532.2661330663,1.0
4067033.516758379,1.0
4069534.767383692,1.0
4072036.018009004,1.0
4074537.268634317,1.0
4077038.51925963,1.0
4079539.769884942,1.0
4082041.020510255,1.0
4084542.2711355677,1.0
4087043.5217608805,1.0
4089544.772386193,1.0
4092046.0230115056,1.0
4094547.2736368184,1.0
4097048.5242621307,1.0
4099549.7748874435,1.0
4102051.0255127563,1.0
4104552.2761380686,1.0
4107053.5267633814,1.0
4109554.777388694,1.0
4112056.028014007,1.0
4114557.2786393194,1.0
4117058.529264632,1.0
4119559.779889945,1.0
4122061.0305152573,1.0
4124562.28114057,1.0
4127063.531765883,1.0
4129564.782391195,1.0
4132066.033016508,1.0
4134567.283641821,1.0
4137068.5342671336,1.0
4139569.784892446,1.0
4142071.0355177587,1.0
4144572.2861430715,1.0
4147073.536768384,1.0
4149574.7873936966,1.0
4152076.0380190094,1.0
4154577.288644322,1.0
4157078.5392696345,1.0
4159579.7898949473,1.0
4162081.04052026,1.0
4164582.2911455724,1.0
4167083.5417708852,1.0
4169584.792396198,1.0
4172086.0430215104,1.0
4174587.293646823,1.0
4177088.544272136,1.0
4179589.7948974487,1.0
4182091.045522761,1.0
4184592.296148074,1.0
4187093.5467733867,1.0
4189594.797398699,1.0
4192096.048024012,1.0
4194597.298649324,1.0
4197098.549274637,1.0
4199599.79989995,1.0
4202101.050525262,1.0
4204602.301150575,1.0
4207103.551775888,1.0
4209604.802401201,1.0
4212106.053026513,1.0
4214607.3036518255,1.0
4217108.554277139,1.0
4219609.804902451,1.0
4222111.055527763,1.0
4224612.306153077,1.0
4227113.556778389,1.0
4229614.807403701,1.0
4232116.058029015,1.0
4234617.308654327,1.0
4237118.559279639,1.0
4239619.8099049525,1.0
4242121.060530265,1.0
4244622.311155577,1.0
4247123.56178089,1.0
4249624.812406203,1.0
4252126.063031515,1.0
4254627.313656828,1.0
4257128.564282141,1.0
4259629.814907454,1.0
4262131.065532766,1.0
4264632.316158079,1.0
4267133.566783392,1.0
4269634.817408704,1.0
4272136.0680340165,1.0
4274637.31865933,1.0
4277138.569284642,1.0
4279639.819909954,1.0
4282141.070535268,1.0
4284642.32116058,1.0
4287143.571785892,1.0
4289644.822411206,1.0
4292146.073036518,1.0
4294647.32366183,1.0
4297148.574287144,1.0
4299649.824912456,1.0
4302151.075537769,1.0
4304652.326163081,1.0
4307153.576788394,1.0
4309654.827413707,1.0
4312156.078039019,1.0
4314657.328664332,1.0
4317158.579289645,1.0
4319659.829914957,1.0
4322161.08054027,1.0
4324662.331165583,1.0
4327163.581790895,1.0
4329664.8324162075,1.0
4332166.083041521,1.0
4334667.333666833,1.0
4337168.584292145,1.0
4339669.834917459,1.0
4342171.085542771,1.0
4344672.336168084,1.0
4347173.586793397,1.0
4349674.837418709,1.0
4352176.088044022,1.0
4354677.338669335,1.0
4357178.589294647,1.0
4359679.83991996,1.0
4362181.090545272,1.0
4364682.341170585,1.0
4367183.591795898,1.0
4369684.84242121,1.0
4372186.093046523,1.0
4374687.343671836,1.0
4377188.594297148,1.0
4379689.844922461,1.0
4382191.095547774,1.0
4384692.346173086,1.0
4387193.5967983985,1.0
4389694.847423712,1.0
4392196.098049024,1.0
4394697.348674337,1.0
4397198.59929965,1.0
4399699.849924962,1.0
4402201.100550275,1.0
4404702.351175588,1.0
4407203.6018009,1.0
4409704.852426213,1.0
4412206.103051526,1.0
4414707.353676838,1.0
4417208.604302151,1.0
4419709.854927463,1.0
4422211.105552776,1.0
4424712.356178089,1.0
4427213.606803401,1.0
4429714.857428714,1.0
4432216.108054027,1.0
4434717.358679339,1.0
4437218.609304653,1.0
4439719.859929965,1.0
4442221.110555277,1.0
4444722.3611805905,1.0
4447223.611805903,1.0
4449724.862431215,1.0
4452226.113056528,1.0
4454727.363681841,1.0
4457228.614307153,1.0
4459729.864932466,1.0
4462231.115557779,1.0
4464732.366183091,1.0
4467233.616808404,1.0
4469734.867433717,1.0
4472236.118059029,1.0
4474737.368684342,1.0
4477238.619309654,1.0
4479739.869934968,1.0
4482241.12056028,1.0
4484742.371185592,1.0
4487243.621810906,1.0
4489744.872436218,1.0
4492246.12306153,1.0
4494747.373686844,1.0
4497248.624312156,1.0
4499749.874937468,1.0
4502251.1255627815,1.0
4504752.376188094,1.0
4507253.626813406,1.0
4509754.877438719,1.0
4512256.128064032,1.0
4514757.378689344,1.0
4517258.629314657,1.0
4519759.87993997,1.0
4522261.130565283,1.0
4524762.381190595,1.0
4527263.631815908,1.0
4529764.882441221,1.0
4532266.133066533,1.0
4534767.383691845,1.0
4537268.634317159,1.0
4539769.884942471,1.0
4542271.135567783,1.0
4544772.386193097,1.0
4547273.636818409,1.0
4549774.887443721,1.0
4552276.138069035,1.0
4554777.388694347,1.0
4557278.639319659,1.0
4559779.8899449725,1.0
4562281.140570285,1.0
4564782.391195597,1.0
4567283.64182091,1.0
4569784.892446223,1.0
4572286.143071536,1.0
4574787.393696848,1.0
4577288.644322161,1.0
4579789.894947474,1.0
4582291.145572786,1.0
4584792.396198099,1.0
4587293.646823412,1.0
4589794.897448724,1.0
4592296.148074036,1.0
4594797.39869935,1.0
4597298.649324662,1.0
4599799.899949974,1.0
4602301.150575288,1.0
4604802.4012006,1.0
4607303.651825912,1.0
4609804.902451226,1.0
4612306.153076538,1.0
4614807.403701851,1.0
4617308.6543271635,1.0
4619809.904952476,1.0
4622311.155577789,1.0
4624812.406203101,1.0
4627313.656828414,1.0
4629814.907453727,1.0
4632316.158079039,1.0
4634817.408704352,1.0
4637318.659329665,1.0
4639819.909954977,1.0
4642321.16058029,1.0
4644822.411205603,1.0
4647323.661830915,1.0
4649824.9124562275,1.0
4652326.163081541,1.0
4654827.413706853,1.0
4657328.664332166,1.0
4659829.914957479,1.0
4662331.165582791,1.0
4664832.416208104,1.0
4667333.666833417,1.0
4669834.917458729,1.0
4672336.168084042,1.0
4674837.4187093545,1.0
4677338.669334667,1.0
4679839.91995998,1.0
4682341.170585292,1.0
4684842.421210605,1.0
4687343.671835918,1.0
4689844.92246123,1.0
4692346.173086543,1.0
4694847.423711856,1.0
4697348.674337168,1.0
4699849.9249624815,1.0
4702351.175587794,1.0
4704852.426213106,1.0
4707353.676838419,1.0
4709854.927463732,1.0
4712356.178089044,1.0
4714857.428714357,1.0
4717358.67933967,1.0
4719859.929964982,1.0
4722361.180590295,1.0
4724862.431215608,1.0
4727363.68184092,1.0
4729864.932466233,1.0
4732366.1830915455,1.0
4734867.433716858,1.0
4737368.684342171,1.0
4739869.934967483,1.0
4742371.185592796,1.0
4744872.436218109,1.0
4747373.686843421,1.0
4749874.937468735,1.0
4752376.188094047,1.0
4754877.438719359,1.0
4757378.6893446725,1.0
4759879.939969985,1.0
4762381.190595297,1.0
4764882.44122061,1.0
4767383.691845923,1.0
4769884.942471235,1.0
4772386.193096548,1.0
4774887.443721861,1.0
4777388.694347173,1.0
4779889.944972486,1.0
4782391.195597799,1.0
4784892.446223111,1.0
4787393.696848424,1.0
4789894.9474737365,1.0
4792396.19809905,1.0
4794897.448724362,1.0
4797398.699349674,1.0
4799899.949974988,1.0
4802401.2006003,1.0
4804902.451225612,1.0
4807403.701850926,1.0
4809904.952476238,1.0
4812406.20310155,1.0
4814907.4537268635,1.0
4817408.704352176,1.0
4819909.954977488,1.0
4822411.205602801,1.0
4824912.456228114,1.0
4827413.706853426,1.0
4829914.957478739,1.0
4832416.208104052,1.0
4834917.458729365,1.0
4837418.709354677,1.0
4839919.95997999,1.0
4842421.210605303,1.0
4844922.461230615,1.0
4847423.7118559275,1.0
4849924.962481241,1.0
4852426.213106553,1.0
4854927.463731865,1.0
4857428.714357179,1.0
4859929.964982491,1.0
4862431.215607803,1.0
4864932.466233117,1.0
4867433.716858429,1.0
4869934.967483741,1.0
4872436.2181090545,1.0
4874937.468734367,1.0
4877438.719359679,1.0
4879939.969984992,1.0
4882441.220610305,1.0
4884942.471235618,1.0
4887443.72186093,1.0
4889944.972486243,1.0
4892446.223111556,1.0
4894947.473736868,1.0
4897448.724362181,1.0
4899949.974987494,1.0
4902451.225612806,1.0
4904952.4762381185,1.0
4907453.726863432,1.0
4909954.977488744,1.0
4912456.228114056,1.0
4914957.47873937,1.0
4917458.729364682,1.0
4919959.979989994,1.0
4922461.230615308,1.0
4924962.48124062,1.0
4927463.731865933,1.0
4929964.9824912455,1.0
4932466.233116558,1.0
4934967.483741871,1.0
4937468.734367183,1.0
4939969.984992496,1.0
4942471.235617809,1.0
4944972.486243121,1.0
4947473.736868434,1.0
4949974.987493747,1.0
4952476.238119059,1.0
4954977.488744372,1.0
4957478.739369685,1.0
4959979.989994997,1.0
4962481.2406203095,1.0
4964982.491245623,1.0
4967483.741870935,1.0
4969984.992496248,1.0
4972486.243121561,1.0
4974987.493746873,1.0
4977488.744372186,1.0
4979989.994997499,1.0
4982491.245622811,1.0
4984992.496248124,1.0
4987493.7468734365,1.0
4989994.997498749,1.0
4992496.248124062,1.0
4994997.498749374,1.0
4997498.749374687,1.0
5000000.0,1.0
