Bitrate_bps,CDF
416.7517875383044,0.000945179584120983
470.5882352941176,0.001890359168241966
597.0149253731342,0.002835538752362949
754.7169811320755,0.003780718336483932
784.3137254901961,0.004725897920604915
869.5652173913044,0.005671077504725898
888.8888888888889,0.006616257088846881
888.8888888888889,0.007561436672967864
952.3809523809523,0.008506616257088847
1000.0,0.00945179584120983
1000.0,0.010396975425330813
1000.0,0.011342155009451797
1025.6410256410256,0.012287334593572778
1025.6410256410256,0.013232514177693762
1052.6315789473686,0.014177693761814745
1052.6315789473686,0.015122873345935728
1081.081081081081,0.01606805293005671
1081.081081081081,0.017013232514177693
1081.081081081081,0.017958412098298678
1111.111111111111,0.01890359168241966
1115.6462585034014,0.01984877126654064
1142.8571428571427,0.020793950850661626
1333.3333333333335,0.021739130434782608
1379.310344827586,0.022684310018903593
2117.6470588235297,0.023629489603024575
2160.0,0.024574669187145556
2352.9411764705883,0.02551984877126654
2352.9411764705883,0.026465028355387523
2352.9411764705883,0.027410207939508508
2352.9411764705883,0.02835538752362949
2500.0,0.02930056710775047
2666.666666666667,0.030245746691871456
2666.666666666667,0.031190926275992438
2700.0,0.03213610586011342
2857.142857142857,0.0330812854442344
2857.142857142857,0.034026465028355386
2857.142857142857,0.03497164461247637
2857.142857142857,0.035916824196597356
3076.923076923077,0.036862003780718335
3076.923076923077,0.03780718336483932
3333.3333333333335,0.038752362948960305
3333.3333333333335,0.03969754253308128
3333.3333333333335,0.04064272211720227
3333.3333333333335,0.04158790170132325
3333.3333333333335,0.04253308128544423
3333.3333333333335,0.043478260869565216
3333.3333333333335,0.0444234404536862
3636.3636363636365,0.045368620037807186
3636.3636363636365,0.046313799621928164
3636.3636363636365,0.04725897920604915
3636.3636363636365,0.048204158790170135
3636.3636363636365,0.04914933837429111
3636.3636363636365,0.0500945179584121
3636.3636363636365,0.05103969754253308
3636.3636363636365,0.05198487712665406
3636.3636363636365,0.052930056710775046
3636.3636363636365,0.05387523629489603
3636.3636363636365,0.054820415879017016
3636.3636363636365,0.055765595463137994
3636.3636363636365,0.05671077504725898
3661.0169491525426,0.057655954631379965
3724.137931034483,0.05860113421550094
3724.137931034483,0.05954631379962193
3789.4736842105262,0.06049149338374291
3923.0769230769233,0.06143667296786389
4000.0,0.062381852551984876
4000.0,0.06332703213610585
4000.0,0.06427221172022685
4000.0,0.06521739130434782
4000.0,0.0661625708884688
4000.0,0.0671077504725898
4000.0,0.06805293005671077
4000.0,0.06899810964083176
4000.0,0.06994328922495274
4000.0,0.07088846880907372
4000.0,0.07183364839319471
4000.0,0.07277882797731569
4000.0,0.07372400756143667
4000.0,0.07466918714555766
4000.0,0.07561436672967864
4000.0,0.07655954631379962
4444.444444444444,0.07750472589792061
4444.444444444444,0.07844990548204159
4444.444444444444,0.07939508506616257
4444.444444444444,0.08034026465028356
4444.444444444444,0.08128544423440454
4444.444444444444,0.08223062381852551
4444.444444444444,0.0831758034026465
4444.444444444444,0.08412098298676748
4444.444444444444,0.08506616257088846
4444.444444444444,0.08601134215500945
4444.444444444444,0.08695652173913043
4444.444444444444,0.08790170132325142
4444.444444444444,0.0888468809073724
4500.0,0.08979206049149338
4500.0,0.09073724007561437
4562.5,0.09168241965973535
4909.090909090909,0.09262759924385633
5000.0,0.09357277882797732
5000.0,0.0945179584120983
5000.0,0.09546313799621928
5000.0,0.09640831758034027
5000.0,0.09735349716446125
5000.0,0.09829867674858223
5000.0,0.09924385633270322
5000.0,0.1001890359168242
5000.0,0.10113421550094517
5000.0,0.10207939508506617
5000.0,0.10302457466918714
5000.0,0.10396975425330812
5068.322981366459,0.10491493383742911
5142.857142857142,0.10586011342155009
5268.292682926829,0.10680529300567108
5538.461538461538,0.10775047258979206
5714.285714285714,0.10869565217391304
5714.285714285714,0.10964083175803403
5714.285714285714,0.11058601134215501
5714.285714285714,0.11153119092627599
5714.285714285714,0.11247637051039698
5714.285714285714,0.11342155009451796
5714.285714285714,0.11436672967863894
5714.285714285714,0.11531190926275993
5714.285714285714,0.11625708884688091
5714.285714285714,0.11720226843100189
5714.285714285714,0.11814744801512288
5714.285714285714,0.11909262759924386
5714.285714285714,0.12003780718336483
5714.285714285714,0.12098298676748583
5714.285714285714,0.1219281663516068
5714.285714285714,0.12287334593572778
5714.285714285714,0.12381852551984877
5714.285714285714,0.12476370510396975
5714.285714285714,0.12570888468809074
5714.285714285714,0.1266540642722117
5714.285714285714,0.1275992438563327
5714.285714285714,0.1285444234404537
5714.285714285714,0.12948960302457466
5714.285714285714,0.13043478260869565
5714.285714285714,0.13137996219281664
5714.285714285714,0.1323251417769376
5714.285714285714,0.1332703213610586
5714.285714285714,0.1342155009451796
5714.285714285714,0.13516068052930058
5714.285714285714,0.13610586011342155
5714.285714285714,0.13705103969754254
5837.837837837838,0.13799621928166353
6352.941176470587,0.1389413988657845
6545.454545454545,0.13988657844990549
6666.666666666667,0.14083175803402648
6666.666666666667,0.14177693761814744
6666.666666666667,0.14272211720226843
6666.666666666667,0.14366729678638943
6666.666666666667,0.1446124763705104
6666.666666666667,0.14555765595463138
6666.666666666667,0.14650283553875237
6666.666666666667,0.14744801512287334
6666.666666666667,0.14839319470699433
6666.666666666667,0.14933837429111532
6666.666666666667,0.1502835538752363
6750.0,0.15122873345935728
7200.0,0.15217391304347827
7448.275862068966,0.15311909262759923
7714.285714285714,0.15406427221172023
8000.0,0.15500945179584122
8000.0,0.15595463137996218
8600.0,0.15689981096408318
8640.0,0.15784499054820417
8640.0,0.15879017013232513
8640.0,0.15973534971644612
8640.0,0.16068052930056712
9000.0,0.16162570888468808
9125.0,0.16257088846880907
9125.0,0.16351606805293006
9391.304347826088,0.16446124763705103
9391.304347826088,0.16540642722117202
9391.304347826088,0.166351606805293
9391.304347826088,0.16729678638941398
9391.304347826088,0.16824196597353497
9733.333333333334,0.16918714555765596
9733.333333333334,0.17013232514177692
9818.181818181818,0.17107750472589792
9898.305084745763,0.1720226843100189
10000.0,0.17296786389413987
10000.0,0.17391304347826086
10000.0,0.17485822306238186
10000.0,0.17580340264650285
10000.0,0.1767485822306238
10000.0,0.1776937618147448
10285.714285714284,0.1786389413988658
10285.714285714284,0.17958412098298676
10285.714285714284,0.18052930056710775
10800.0,0.18147448015122875
10800.0,0.1824196597353497
10800.0,0.1833648393194707
10814.814814814816,0.1843100189035917
11368.42105263158,0.18525519848771266
11450.980392156864,0.18620037807183365
12000.0,0.18714555765595464
12000.0,0.1880907372400756
12425.531914893618,0.1890359168241966
12425.531914893618,0.1899810964083176
12705.882352941175,0.19092627599243855
12705.882352941175,0.19187145557655955
12705.882352941175,0.19281663516068054
12705.882352941175,0.1937618147448015
12705.882352941175,0.1947069943289225
12705.882352941175,0.1956521739130435
12977.777777777777,0.19659735349716445
13120.0,0.19754253308128544
13230.76923076923,0.19848771266540643
13272.727272727274,0.1994328922495274
13333.333333333334,0.2003780718336484
13333.333333333334,0.20132325141776938
13333.333333333334,0.20226843100189035
13333.333333333334,0.20321361058601134
13333.333333333334,0.20415879017013233
13333.333333333334,0.2051039697542533
13333.333333333334,0.2060491493383743
13581.39534883721,0.20699432892249528
14243.90243902439,0.20793950850661624
14400.0,0.20888468809073724
14600.0,0.20982986767485823
14974.358974358975,0.2107750472589792
15428.571428571428,0.21172022684310018
16222.222222222223,0.21266540642722118
16222.222222222223,0.21361058601134217
16222.222222222223,0.21455576559546313
16615.384615384617,0.21550094517958412
16615.384615384617,0.21644612476370512
16615.384615384617,0.21739130434782608
16685.714285714283,0.21833648393194707
17176.470588235294,0.21928166351606806
17176.470588235294,0.22022684310018903
17176.470588235294,0.22117202268431002
18000.0,0.222117202268431
18000.0,0.22306238185255198
18250.0,0.22400756143667297
18250.0,0.22495274102079396
18838.709677419356,0.22589792060491493
18838.709677419356,0.22684310018903592
19466.666666666668,0.2277882797731569
19466.666666666668,0.22873345935727787
20000.0,0.22967863894139887
20000.0,0.23062381852551986
20000.0,0.23156899810964082
20000.0,0.23251417769376181
20000.0,0.2334593572778828
20000.0,0.23440453686200377
20137.931034482757,0.23534971644612476
20235.294117647056,0.23629489603024575
20235.294117647056,0.23724007561436672
20857.142857142855,0.2381852551984877
20857.142857142855,0.2391304347826087
20857.142857142855,0.24007561436672967
20857.142857142855,0.24102079395085066
21241.379310344826,0.24196597353497165
21600.0,0.24291115311909262
21600.0,0.2438563327032136
21629.62962962963,0.2448015122873346
21629.62962962963,0.24574669187145556
21629.62962962963,0.24669187145557656
21629.62962962963,0.24763705103969755
21777.77777777778,0.2485822306238185
22461.53846153846,0.2495274102079395
23360.0,0.2504725897920605
23360.0,0.2514177693761815
23360.0,0.2523629489603025
23360.0,0.2533081285444234
23360.0,0.2542533081285444
24000.0,0.2551984877126654
24000.0,0.2561436672967864
24333.333333333332,0.2570888468809074
24333.333333333332,0.2580340264650284
24333.333333333332,0.2589792060491493
24600.0,0.2599243856332703
25391.304347826088,0.2608695652173913
25391.304347826088,0.2618147448015123
26545.454545454548,0.2627599243856333
26545.454545454548,0.2637051039697543
26545.454545454548,0.2646502835538752
26545.454545454548,0.2655954631379962
26545.454545454548,0.2665406427221172
26545.454545454548,0.2674858223062382
27000.0,0.2684310018903592
27000.0,0.26937618147448017
27000.0,0.27032136105860116
27000.0,0.2712665406427221
27000.0,0.2722117202268431
27034.48275862069,0.2731568998109641
27034.48275862069,0.2741020793950851
27809.52380952381,0.27504725897920607
28666.666666666668,0.27599243856332706
28666.666666666668,0.276937618147448
29037.037037037036,0.277882797731569
29200.0,0.27882797731569
30736.84210526316,0.27977315689981097
30736.84210526316,0.28071833648393196
30857.142857142855,0.28166351606805295
30857.142857142855,0.2826086956521739
30857.142857142855,0.2835538752362949
30857.142857142855,0.2844990548204159
30857.142857142855,0.28544423440453687
30857.142857142855,0.28638941398865786
30857.142857142855,0.28733459357277885
30857.142857142855,0.2882797731568998
30857.142857142855,0.2892249527410208
30857.142857142855,0.29017013232514177
31272.727272727276,0.29111531190926276
32444.444444444445,0.29206049149338376
34352.94117647059,0.29300567107750475
35636.36363636364,0.2939508506616257
36000.0,0.2948960302457467
36000.0,0.29584120982986767
36000.0,0.29678638941398866
36000.0,0.29773156899810965
36000.0,0.29867674858223064
36000.0,0.2996219281663516
36000.0,0.3005671077504726
36500.0,0.30151228733459357
36500.0,0.30245746691871456
37500.0,0.30340264650283555
38933.333333333336,0.30434782608695654
38933.333333333336,0.3052930056710775
40000.0,0.30623818525519847
40000.0,0.30718336483931946
40000.0,0.30812854442344045
40000.0,0.30907372400756145
40000.0,0.31001890359168244
40000.0,0.31096408317580343
40000.0,0.31190926275992437
40000.0,0.31285444234404536
40000.0,0.31379962192816635
40000.0,0.31474480151228734
40000.0,0.31568998109640833
40000.0,0.3166351606805293
40000.0,0.31758034026465026
40000.0,0.31852551984877125
40000.0,0.31947069943289225
40000.0,0.32041587901701324
40000.0,0.32136105860113423
40000.0,0.3223062381852552
40000.0,0.32325141776937616
40000.0,0.32419659735349715
40000.0,0.32514177693761814
40000.0,0.32608695652173914
40000.0,0.3270321361058601
40000.0,0.3279773156899811
40000.0,0.32892249527410206
40000.0,0.32986767485822305
40000.0,0.33081285444234404
40000.0,0.33175803402646503
40000.0,0.332703213610586
40000.0,0.333648393194707
40000.0,0.33459357277882795
40000.0,0.33553875236294894
40000.0,0.33648393194706994
40000.0,0.33742911153119093
40000.0,0.3383742911153119
40000.0,0.3393194706994329
40000.0,0.34026465028355385
40000.0,0.34120982986767484
40000.0,0.34215500945179583
40000.0,0.3431001890359168
40000.0,0.3440453686200378
40000.0,0.3449905482041588
40000.0,0.34593572778827975
40000.0,0.34688090737240074
40000.0,0.34782608695652173
40000.0,0.3487712665406427
40000.0,0.3497164461247637
40000.0,0.3506616257088847
40000.0,0.3516068052930057
40000.0,0.35255198487712663
40000.0,0.3534971644612476
40000.0,0.3544423440453686
40000.0,0.3553875236294896
40000.0,0.3563327032136106
40000.0,0.3572778827977316
40000.0,0.35822306238185253
40000.0,0.3591682419659735
40000.0,0.3601134215500945
40000.0,0.3610586011342155
40000.0,0.3620037807183365
40000.0,0.3629489603024575
40000.0,0.3638941398865784
40000.0,0.3648393194706994
40000.0,0.3657844990548204
40000.0,0.3667296786389414
40000.0,0.3676748582230624
40000.0,0.3686200378071834
40000.0,0.3695652173913043
40000.0,0.3705103969754253
40000.0,0.3714555765595463
40000.0,0.3724007561436673
40000.0,0.3733459357277883
40000.0,0.3742911153119093
40000.0,0.3752362948960302
40000.0,0.3761814744801512
40000.0,0.3771266540642722
40000.0,0.3780718336483932
40000.0,0.3790170132325142
40000.0,0.3799621928166352
40000.0,0.3809073724007561
40000.0,0.3818525519848771
40000.0,0.3827977315689981
40000.0,0.3837429111531191
40000.0,0.3846880907372401
40000.0,0.3856332703213611
40000.0,0.38657844990548207
40000.0,0.387523629489603
40000.0,0.388468809073724
40000.0,0.389413988657845
40000.0,0.390359168241966
40000.0,0.391304347826087
40000.0,0.39224952741020797
40000.0,0.3931947069943289
40000.0,0.3941398865784499
40000.0,0.3950850661625709
40000.0,0.3960302457466919
40000.0,0.39697542533081287
40000.0,0.39792060491493386
40000.0,0.3988657844990548
40000.0,0.3998109640831758
40000.0,0.4007561436672968
40000.0,0.4017013232514178
40000.0,0.40264650283553877
40000.0,0.40359168241965976
40000.0,0.4045368620037807
40000.0,0.4054820415879017
40000.0,0.4064272211720227
40000.0,0.40737240075614367
40000.0,0.40831758034026466
40000.0,0.40926275992438566
40000.0,0.4102079395085066
40000.0,0.4111531190926276
40000.0,0.4120982986767486
40000.0,0.41304347826086957
40000.0,0.41398865784499056
40000.0,0.41493383742911155
40000.0,0.4158790170132325
40000.0,0.4168241965973535
40000.0,0.41776937618147447
40000.0,0.41871455576559546
40000.0,0.41965973534971646
40000.0,0.42060491493383745
40000.0,0.4215500945179584
40000.0,0.4224952741020794
40000.0,0.42344045368620037
40000.0,0.42438563327032136
40000.0,0.42533081285444235
40000.0,0.42627599243856334
40000.0,0.42722117202268434
40000.0,0.4281663516068053
40000.0,0.42911153119092627
40000.0,0.43005671077504726
40000.0,0.43100189035916825
40000.0,0.43194706994328924
40000.0,0.43289224952741023
40000.0,0.43383742911153117
40000.0,0.43478260869565216
40000.0,0.43572778827977315
40000.0,0.43667296786389415
40000.0,0.43761814744801514
40000.0,0.43856332703213613
40000.0,0.43950850661625707
40000.0,0.44045368620037806
40000.0,0.44139886578449905
40000.0,0.44234404536862004
40000.0,0.44328922495274103
40000.0,0.444234404536862
40000.0,0.44517958412098296
40000.0,0.44612476370510395
40000.0,0.44706994328922495
40000.0,0.44801512287334594
40000.0,0.44896030245746693
40000.0,0.4499054820415879
40000.0,0.45085066162570886
40000.0,0.45179584120982985
40000.0,0.45274102079395084
40000.0,0.45368620037807184
40000.0,0.4546313799621928
40000.0,0.4555765595463138
40000.0,0.45652173913043476
40000.0,0.45746691871455575
40000.0,0.45841209829867674
40000.0,0.45935727788279773
40000.0,0.4603024574669187
40000.0,0.4612476370510397
40000.0,0.4621928166351607
40000.0,0.46313799621928164
40000.0,0.46408317580340264
40000.0,0.46502835538752363
40000.0,0.4659735349716446
40000.0,0.4669187145557656
40000.0,0.4678638941398866
40000.0,0.46880907372400754
40000.0,0.46975425330812853
40000.0,0.4706994328922495
40000.0,0.4716446124763705
40000.0,0.4725897920604915
40000.0,0.4735349716446125
40000.0,0.47448015122873344
40000.0,0.47542533081285443
40000.0,0.4763705103969754
40000.0,0.4773156899810964
40000.0,0.4782608695652174
40000.0,0.4792060491493384
40000.0,0.48015122873345933
40000.0,0.4810964083175803
40000.0,0.4820415879017013
40000.0,0.4829867674858223
40000.0,0.4839319470699433
40000.0,0.4848771266540643
40000.0,0.48582230623818523
40000.0,0.4867674858223062
40000.0,0.4877126654064272
40000.0,0.4886578449905482
40000.0,0.4896030245746692
40000.0,0.4905482041587902
40000.0,0.4914933837429111
40000.0,0.4924385633270321
40000.0,0.4933837429111531
40000.0,0.4943289224952741
40000.0,0.4952741020793951
40000.0,0.4962192816635161
40000.0,0.497164461247637
40000.0,0.498109640831758
40000.0,0.499054820415879
40000.0,0.5
40000.0,0.500945179584121
40000.0,0.501890359168242
40000.0,0.502835538752363
40000.0,0.503780718336484
40000.0,0.504725897920605
40000.0,0.505671077504726
40000.0,0.5066162570888468
40000.0,0.5075614366729678
40000.0,0.5085066162570888
40000.0,0.5094517958412098
40000.0,0.5103969754253308
40000.0,0.5113421550094518
40000.0,0.5122873345935728
40000.0,0.5132325141776938
40000.0,0.5141776937618148
40000.0,0.5151228733459358
40000.0,0.5160680529300568
40000.0,0.5170132325141777
40000.0,0.5179584120982986
40000.0,0.5189035916824196
40000.0,0.5198487712665406
40000.0,0.5207939508506616
40000.0,0.5217391304347826
40000.0,0.5226843100189036
40000.0,0.5236294896030246
40000.0,0.5245746691871456
40000.0,0.5255198487712666
40000.0,0.5264650283553876
40000.0,0.5274102079395085
40000.0,0.5283553875236295
40000.0,0.5293005671077504
40000.0,0.5302457466918714
40000.0,0.5311909262759924
40000.0,0.5321361058601134
40000.0,0.5330812854442344
40000.0,0.5340264650283554
40000.0,0.5349716446124764
40000.0,0.5359168241965974
40000.0,0.5368620037807184
40000.0,0.5378071833648393
40000.0,0.5387523629489603
40000.0,0.5396975425330813
40000.0,0.5406427221172023
40000.0,0.5415879017013232
40000.0,0.5425330812854442
40000.0,0.5434782608695652
40000.0,0.5444234404536862
40000.0,0.5453686200378072
40000.0,0.5463137996219282
40000.0,0.5472589792060492
40000.0,0.5482041587901701
40000.0,0.5491493383742911
40000.0,0.5500945179584121
40000.0,0.5510396975425331
40000.0,0.5519848771266541
40000.0,0.552930056710775
40000.0,0.553875236294896
40000.0,0.554820415879017
40000.0,0.555765595463138
40000.0,0.556710775047259
40000.0,0.55765595463138
40000.0,0.558601134215501
40000.0,0.5595463137996219
40000.0,0.5604914933837429
40000.0,0.5614366729678639
40000.0,0.5623818525519849
40000.0,0.5633270321361059
40000.0,0.5642722117202268
40000.0,0.5652173913043478
40000.0,0.5661625708884688
40000.0,0.5671077504725898
40000.0,0.5680529300567108
40000.0,0.5689981096408318
40000.0,0.5699432892249527
40000.0,0.5708884688090737
40000.0,0.5718336483931947
40000.0,0.5727788279773157
40000.0,0.5737240075614367
40000.0,0.5746691871455577
40000.0,0.5756143667296786
40000.0,0.5765595463137996
40000.0,0.5775047258979206
40000.0,0.5784499054820416
40000.0,0.5793950850661626
40000.0,0.5803402646502835
40000.0,0.5812854442344045
40000.0,0.5822306238185255
40000.0,0.5831758034026465
40000.0,0.5841209829867675
40000.0,0.5850661625708885
40000.0,0.5860113421550095
40000.0,0.5869565217391305
40000.0,0.5879017013232514
40000.0,0.5888468809073724
40000.0,0.5897920604914934
40000.0,0.5907372400756143
40000.0,0.5916824196597353
40000.0,0.5926275992438563
40000.0,0.5935727788279773
40000.0,0.5945179584120983
40000.0,0.5954631379962193
40000.0,0.5964083175803403
40000.0,0.5973534971644613
40000.0,0.5982986767485823
40000.0,0.5992438563327032
40000.0,0.6001890359168242
40000.0,0.6011342155009451
40000.0,0.6020793950850661
40000.0,0.6030245746691871
40000.0,0.6039697542533081
40000.0,0.6049149338374291
40000.0,0.6058601134215501
40000.0,0.6068052930056711
40000.0,0.6077504725897921
40000.0,0.6086956521739131
40000.0,0.6096408317580341
40000.0,0.610586011342155
40000.0,0.611531190926276
40000.0,0.6124763705103969
40000.0,0.6134215500945179
40000.0,0.6143667296786389
40000.0,0.6153119092627599
40000.0,0.6162570888468809
40000.0,0.6172022684310019
40000.0,0.6181474480151229
40000.0,0.6190926275992439
40000.0,0.6200378071833649
40000.0,0.6209829867674859
40000.0,0.6219281663516069
40000.0,0.6228733459357277
40000.0,0.6238185255198487
40000.0,0.6247637051039697
40000.0,0.6257088846880907
40000.0,0.6266540642722117
40000.0,0.6275992438563327
40000.0,0.6285444234404537
40000.0,0.6294896030245747
40000.0,0.6304347826086957
40000.0,0.6313799621928167
40000.0,0.6323251417769377
40000.0,0.6332703213610587
40000.0,0.6342155009451795
40000.0,0.6351606805293005
40000.0,0.6361058601134215
40000.0,0.6370510396975425
40000.0,0.6379962192816635
40000.0,0.6389413988657845
40000.0,0.6398865784499055
40000.0,0.6408317580340265
40000.0,0.6417769376181475
40000.0,0.6427221172022685
40000.0,0.6436672967863895
40000.0,0.6446124763705104
40000.0,0.6455576559546313
40000.0,0.6465028355387523
40000.0,0.6474480151228733
40000.0,0.6483931947069943
40000.0,0.6493383742911153
40000.0,0.6502835538752363
40000.0,0.6512287334593573
40000.0,0.6521739130434783
40000.0,0.6531190926275993
40000.0,0.6540642722117203
40000.0,0.6550094517958412
40000.0,0.6559546313799622
40000.0,0.6568998109640832
40000.0,0.6578449905482041
40000.0,0.6587901701323251
40000.0,0.6597353497164461
40000.0,0.6606805293005671
40000.0,0.6616257088846881
40000.0,0.6625708884688091
40000.0,0.6635160680529301
40000.0,0.6644612476370511
40000.0,0.665406427221172
40000.0,0.666351606805293
40000.0,0.667296786389414
40000.0,0.668241965973535
40000.0,0.6691871455576559
40000.0,0.6701323251417769
40000.0,0.6710775047258979
40000.0,0.6720226843100189
40000.0,0.6729678638941399
40000.0,0.6739130434782609
40000.0,0.6748582230623819
40000.0,0.6758034026465028
40000.0,0.6767485822306238
40000.0,0.6776937618147448
40000.0,0.6786389413988658
40000.0,0.6795841209829868
40000.0,0.6805293005671077
40000.0,0.6814744801512287
40000.0,0.6824196597353497
40000.0,0.6833648393194707
40000.0,0.6843100189035917
40000.0,0.6852551984877127
40000.0,0.6862003780718336
40000.0,0.6871455576559546
40000.0,0.6880907372400756
40000.0,0.6890359168241966
40000.0,0.6899810964083176
40000.0,0.6909262759924386
40000.0,0.6918714555765595
40000.0,0.6928166351606805
40000.0,0.6937618147448015
40000.0,0.6947069943289225
40000.0,0.6956521739130435
40000.0,0.6965973534971645
40000.0,0.6975425330812854
40000.0,0.6984877126654064
40000.0,0.6994328922495274
40000.0,0.7003780718336484
40000.0,0.7013232514177694
40000.0,0.7022684310018904
40000.0,0.7032136105860114
40000.0,0.7041587901701323
40000.0,0.7051039697542533
40000.0,0.7060491493383743
40000.0,0.7069943289224953
40000.0,0.7079395085066162
40000.0,0.7088846880907372
40000.0,0.7098298676748582
40000.0,0.7107750472589792
40000.0,0.7117202268431002
40000.0,0.7126654064272212
40000.0,0.7136105860113422
40000.0,0.7145557655954632
40000.0,0.7155009451795841
40000.0,0.7164461247637051
40000.0,0.717391304347826
40000.0,0.718336483931947
40000.0,0.719281663516068
40000.0,0.720226843100189
40000.0,0.72117202268431
40000.0,0.722117202268431
40000.0,0.723062381852552
40000.0,0.724007561436673
40000.0,0.724952741020794
40000.0,0.725897920604915
40000.0,0.7268431001890359
40000.0,0.7277882797731569
40000.0,0.7287334593572778
40000.0,0.7296786389413988
40000.0,0.7306238185255198
40000.0,0.7315689981096408
40000.0,0.7325141776937618
40000.0,0.7334593572778828
40000.0,0.7344045368620038
40000.0,0.7353497164461248
40000.0,0.7362948960302458
40000.0,0.7372400756143668
40000.0,0.7381852551984878
40000.0,0.7391304347826086
40000.0,0.7400756143667296
40000.0,0.7410207939508506
40000.0,0.7419659735349716
40000.0,0.7429111531190926
40000.0,0.7438563327032136
40000.0,0.7448015122873346
40000.0,0.7457466918714556
40000.0,0.7466918714555766
40000.0,0.7476370510396976
40000.0,0.7485822306238186
40000.0,0.7495274102079396
40000.0,0.7504725897920604
40000.0,0.7514177693761814
40000.0,0.7523629489603024
40000.0,0.7533081285444234
40000.0,0.7542533081285444
40000.0,0.7551984877126654
40000.0,0.7561436672967864
40000.0,0.7570888468809074
40000.0,0.7580340264650284
40000.0,0.7589792060491494
40000.0,0.7599243856332704
40000.0,0.7608695652173914
40000.0,0.7618147448015122
40000.0,0.7627599243856332
40000.0,0.7637051039697542
40000.0,0.7646502835538752
40000.0,0.7655954631379962
40000.0,0.7665406427221172
40000.0,0.7674858223062382
40000.0,0.7684310018903592
40000.0,0.7693761814744802
40000.0,0.7703213610586012
40000.0,0.7712665406427222
40000.0,0.7722117202268431
40000.0,0.7731568998109641
40000.0,0.774102079395085
40000.0,0.775047258979206
40000.0,0.775992438563327
40000.0,0.776937618147448
40000.0,0.777882797731569
40000.0,0.77882797731569
40000.0,0.779773156899811
40000.0,0.780718336483932
40000.0,0.781663516068053
40000.0,0.782608695652174
40000.0,0.7835538752362949
40000.0,0.7844990548204159
40000.0,0.7854442344045368
40000.0,0.7863894139886578
41714.28571428571,0.7873345935727788
41714.28571428571,0.7882797731568998
41714.28571428571,0.7892249527410208
41714.28571428571,0.7901701323251418
41714.28571428571,0.7911153119092628
41714.28571428571,0.7920604914933838
43000.0,0.7930056710775047
43200.0,0.7939508506616257
43200.0,0.7948960302457467
43200.0,0.7958412098298677
43200.0,0.7967863894139886
43200.0,0.7977315689981096
43200.0,0.7986767485822306
43200.0,0.7996219281663516
43200.0,0.8005671077504726
44923.07692307692,0.8015122873345936
44923.07692307692,0.8024574669187146
44923.07692307692,0.8034026465028355
44923.07692307692,0.8043478260869565
48666.666666666664,0.8052930056710775
48666.666666666664,0.8062381852551985
49200.0,0.8071833648393195
51789.47368421053,0.8081285444234405
53090.909090909096,0.8090737240075614
53090.909090909096,0.8100189035916824
53090.909090909096,0.8109640831758034
54000.0,0.8119092627599244
54000.0,0.8128544423440454
54000.0,0.8137996219281664
54000.0,0.8147448015122873
54000.0,0.8156899810964083
54000.0,0.8166351606805293
54000.0,0.8175803402646503
54000.0,0.8185255198487713
54000.0,0.8194706994328923
54000.0,0.8204158790170132
54000.0,0.8213610586011342
54000.0,0.8223062381852552
54000.0,0.8232514177693762
54000.0,0.8241965973534972
54000.0,0.8251417769376181
57882.35294117647,0.8260869565217391
58400.0,0.8270321361058601
59428.57142857143,0.8279773156899811
64888.88888888889,0.8289224952741021
64888.88888888889,0.8298676748582231
64888.88888888889,0.8308128544423441
64888.88888888889,0.831758034026465
66666.66666666667,0.832703213610586
68800.0,0.833648393194707
68800.0,0.834593572778828
68800.0,0.8355387523629489
68800.0,0.8364839319470699
72000.0,0.8374291115311909
72000.0,0.8383742911153119
72000.0,0.8393194706994329
72000.0,0.8402646502835539
72000.0,0.8412098298676749
72000.0,0.8421550094517959
72000.0,0.8431001890359168
72000.0,0.8440453686200378
72000.0,0.8449905482041588
72000.0,0.8459357277882797
73000.0,0.8468809073724007
73000.0,0.8478260869565217
73000.0,0.8487712665406427
80000.0,0.8497164461247637
83428.57142857142,0.8506616257088847
83428.57142857142,0.8516068052930057
85714.28571428571,0.8525519848771267
86000.0,0.8534971644612477
86000.0,0.8544423440453687
86000.0,0.8553875236294896
89454.54545454546,0.8563327032136105
94400.0,0.8572778827977315
97333.33333333333,0.8582230623818525
97333.33333333333,0.8591682419659735
97333.33333333333,0.8601134215500945
97333.33333333333,0.8610586011342155
100000.0,0.8620037807183365
100000.0,0.8629489603024575
108000.0,0.8638941398865785
108000.0,0.8648393194706995
108000.0,0.8657844990548205
108000.0,0.8667296786389413
108000.0,0.8676748582230623
108000.0,0.8686200378071833
108000.0,0.8695652173913043
108000.0,0.8705103969754253
108000.0,0.8714555765595463
108000.0,0.8724007561436673
108000.0,0.8733459357277883
108000.0,0.8742911153119093
108000.0,0.8752362948960303
108000.0,0.8761814744801513
108000.0,0.8771266540642723
108000.0,0.8780718336483931
108000.0,0.8790170132325141
108000.0,0.8799621928166351
108000.0,0.8809073724007561
108000.0,0.8818525519848771
114666.66666666667,0.8827977315689981
114666.66666666667,0.8837429111531191
114666.66666666667,0.8846880907372401
114666.66666666667,0.8856332703213611
116800.0,0.8865784499054821
116800.0,0.8875236294896031
116800.0,0.888468809073724
116800.0,0.889413988657845
116800.0,0.8903591682419659
116800.0,0.8913043478260869
123000.0,0.8922495274102079
139000.0,0.8931947069943289
146000.0,0.8941398865784499
146000.0,0.8950850661625709
146000.0,0.8960302457466919
146000.0,0.8969754253308129
146000.0,0.8979206049149339
146000.0,0.8988657844990549
146000.0,0.8998109640831758
146000.0,0.9007561436672968
158857.14285714284,0.9017013232514177
158857.14285714284,0.9026465028355387
158857.14285714284,0.9035916824196597
160000.0,0.9045368620037807
172000.0,0.9054820415879017
172000.0,0.9064272211720227
174222.22222222225,0.9073724007561437
180000.0,0.9083175803402647
185333.33333333334,0.9092627599243857
185333.33333333334,0.9102079395085066
194666.66666666666,0.9111531190926276
194666.66666666666,0.9120982986767486
194666.66666666666,0.9130434782608695
194666.66666666666,0.9139886578449905
194666.66666666666,0.9149338374291115
194666.66666666666,0.9158790170132325
194666.66666666666,0.9168241965973535
194666.66666666666,0.9177693761814745
216000.0,0.9187145557655955
216000.0,0.9196597353497165
216000.0,0.9206049149338374
216000.0,0.9215500945179584
216000.0,0.9224952741020794
216000.0,0.9234404536862004
216000.0,0.9243856332703214
216000.0,0.9253308128544423
216000.0,0.9262759924385633
216000.0,0.9272211720226843
216000.0,0.9281663516068053
216000.0,0.9291115311909263
216000.0,0.9300567107750473
216000.0,0.9310018903591682
216000.0,0.9319470699432892
216000.0,0.9328922495274102
216000.0,0.9338374291115312
216000.0,0.9347826086956522
216000.0,0.9357277882797732
216000.0,0.9366729678638941
216000.0,0.9376181474480151
216000.0,0.9385633270321361
216000.0,0.9395085066162571
216000.0,0.9404536862003781
216000.0,0.941398865784499
216000.0,0.94234404536862
216000.0,0.943289224952741
216000.0,0.944234404536862
216000.0,0.945179584120983
216000.0,0.946124763705104
216000.0,0.947069943289225
222400.0,0.9480151228733459
272000.0,0.9489603024574669
278000.0,0.9499054820415879
278000.0,0.9508506616257089
278000.0,0.9517958412098299
292000.0,0.9527410207939508
292000.0,0.9536862003780718
292000.0,0.9546313799621928
292000.0,0.9555765595463138
292000.0,0.9565217391304348
292000.0,0.9574669187145558
292000.0,0.9584120982986768
292000.0,0.9593572778827977
292000.0,0.9603024574669187
292000.0,0.9612476370510397
300000.0,0.9621928166351607
362666.6666666667,0.9631379962192816
370666.6666666667,0.9640831758034026
370666.6666666667,0.9650283553875236
370666.6666666667,0.9659735349716446
413333.3333333333,0.9669187145557656
416000.0,0.9678638941398866
472000.0,0.9688090737240076
472000.0,0.9697542533081286
472000.0,0.9706994328922496
472000.0,0.9716446124763705
492000.0,0.9725897920604915
544000.0,0.9735349716446124
556000.0,0.9744801512287334
556000.0,0.9754253308128544
556000.0,0.9763705103969754
584000.0,0.9773156899810964
584000.0,0.9782608695652174
584000.0,0.9792060491493384
584000.0,0.9801512287334594
584000.0,0.9810964083175804
584000.0,0.9820415879017014
584000.0,0.9829867674858223
584000.0,0.9839319470699432
584000.0,0.9848771266540642
584000.0,0.9858223062381852
584000.0,0.9867674858223062
584000.0,0.9877126654064272
584000.0,0.9886578449905482
600000.0,0.9896030245746692
616000.0,0.9905482041587902
620000.0,0.9914933837429112
656000.0,0.9924385633270322
920000.0,0.9933837429111532
1112000.0,0.994328922495274
1112000.0,0.995274102079395
1112000.0,0.996219281663516
1184000.0,0.997164461247637
1240000.0,0.998109640831758
1696000.0,0.999054820415879
1976000.0,1.0
